COURSE ID,COURSE TITLE,COURSE URL,SESSION,DURATION,COURSE SCHEDULE ( 1H / DAY)
MATH_01,Become a Linear Algebra Master,https://havelsan.udemy.com/course/linear-algebra-course/,Getting started ,6M,1
MATH_01,Become a Linear Algebra Master,https://havelsan.udemy.com/course/linear-algebra-course/,Operations on one matrix ,1H34M,1
MATH_01,Become a Linear Algebra Master,https://havelsan.udemy.com/course/linear-algebra-course/,Operations on two matrices ,56M,2
MATH_01,Become a Linear Algebra Master,https://havelsan.udemy.com/course/linear-algebra-course/,Matrices as vectors ,1H55M,3-4
MATH_01,Become a Linear Algebra Master,https://havelsan.udemy.com/course/linear-algebra-course/,Dot products and cross products ,1H17M,5
MATH_01,Become a Linear Algebra Master,https://havelsan.udemy.com/course/linear-algebra-course/,Matrix-vector products ,1H37M,6-7
MATH_01,Become a Linear Algebra Master,https://havelsan.udemy.com/course/linear-algebra-course/,Transformations ,1H40M,8-9
MATH_01,Become a Linear Algebra Master,https://havelsan.udemy.com/course/linear-algebra-course/,Inverses ,1H5M,10
MATH_01,Become a Linear Algebra Master,https://havelsan.udemy.com/course/linear-algebra-course/,Determinants ,1H13M,11
MATH_01,Become a Linear Algebra Master,https://havelsan.udemy.com/course/linear-algebra-course/,Transposes ,1H25M,12-13
MATH_01,Become a Linear Algebra Master,https://havelsan.udemy.com/course/linear-algebra-course/,Orthogonality and change of basis ,1H41M,14-15
MATH_01,Become a Linear Algebra Master,https://havelsan.udemy.com/course/linear-algebra-course/,Orthonormal bases and Gram-Schmidt ,37M,16
MATH_01,Become a Linear Algebra Master,https://havelsan.udemy.com/course/linear-algebra-course/,Eigenvalues and Eigenvectors ,39M,17
,,,,,
MATH_02,Master statistics  and   machine learning: intuition  math  code,https://havelsan.udemy.com/course/statsml_x/,Introductions ,24M,1
MATH_02,Master statistics  and   machine learning: intuition  math  code,https://havelsan.udemy.com/course/statsml_x/,Math prerequisites ,44M,1
MATH_02,Master statistics  and   machine learning: intuition  math  code,https://havelsan.udemy.com/course/statsml_x/,IMPORTANT: Download course materials ,4M,2
MATH_02,Master statistics  and   machine learning: intuition  math  code,https://havelsan.udemy.com/course/statsml_x/,What are (is?) data? ,56M,2
MATH_02,Master statistics  and   machine learning: intuition  math  code,https://havelsan.udemy.com/course/statsml_x/,Visualizing data ,1H59M,3-4
MATH_02,Master statistics  and   machine learning: intuition  math  code,https://havelsan.udemy.com/course/statsml_x/,Descriptive statistics ,4H32M,5-6-7-8-9
MATH_02,Master statistics  and   machine learning: intuition  math  code,https://havelsan.udemy.com/course/statsml_x/,Data normalizations and outliers ,2H32M,10-11-12
MATH_02,Master statistics  and   machine learning: intuition  math  code,https://havelsan.udemy.com/course/statsml_x/,Probability theory ,4H29M,13-14-15-16-17
MATH_02,Master statistics  and   machine learning: intuition  math  code,https://havelsan.udemy.com/course/statsml_x/,Hypothesis testing ,2H26M,18-19-20
MATH_02,Master statistics  and   machine learning: intuition  math  code,https://havelsan.udemy.com/course/statsml_x/,The t-test family ,2H44M,21-22-23
MATH_02,Master statistics  and   machine learning: intuition  math  code,https://havelsan.udemy.com/course/statsml_x/,Confidence intervals on parameters ,1H3M,24
MATH_02,Master statistics  and   machine learning: intuition  math  code,https://havelsan.udemy.com/course/statsml_x/,Correlation ,3H56M,25-26-27-28
MATH_02,Master statistics  and   machine learning: intuition  math  code,https://havelsan.udemy.com/course/statsml_x/,Analysis of Variance (ANOVA) ,2H45M,29-30-31
MATH_02,Master statistics  and   machine learning: intuition  math  code,https://havelsan.udemy.com/course/statsml_x/,Regression ,3H22M,32-33-34-35
MATH_02,Master statistics  and   machine learning: intuition  math  code,https://havelsan.udemy.com/course/statsml_x/,Statistical power and sample sizes ,25M,36
MATH_02,Master statistics  and   machine learning: intuition  math  code,https://havelsan.udemy.com/course/statsml_x/,Clustering and dimension-reduction ,2H48M,37-38-39
MATH_02,Master statistics  and   machine learning: intuition  math  code,https://havelsan.udemy.com/course/statsml_x/,Signal detection theory ,1H24M,40-41
MATH_02,Master statistics  and   machine learning: intuition  math  code,https://havelsan.udemy.com/course/statsml_x/,A real-world data journey ,1H37M,42
,,,,,
MATH_03,Statistics: A Step-by-step Introduction,https://havelsan.udemy.com/course/statistics-intro/,Introduction  Data  and Graphs ,1H25M,1-2
MATH_03,Statistics: A Step-by-step Introduction,https://havelsan.udemy.com/course/statistics-intro/,Probability ,2H1M,3-4
MATH_03,Statistics: A Step-by-step Introduction,https://havelsan.udemy.com/course/statistics-intro/,Normal distributions ,1H28M,5-6
MATH_03,Statistics: A Step-by-step Introduction,https://havelsan.udemy.com/course/statistics-intro/,One Proportion: Z-test ,55M,7
MATH_03,Statistics: A Step-by-step Introduction,https://havelsan.udemy.com/course/statistics-intro/,Two Proportions:: Z-test ,20M,8
MATH_03,Statistics: A Step-by-step Introduction,https://havelsan.udemy.com/course/statistics-intro/,One Mean: Z-test  t-test ,29M,8
MATH_03,Statistics: A Step-by-step Introduction,https://havelsan.udemy.com/course/statistics-intro/,Two Means: T-test ,23M,8
MATH_03,Statistics: A Step-by-step Introduction,https://havelsan.udemy.com/course/statistics-intro/,Confidence Intervals ,48M,9
MATH_03,Statistics: A Step-by-step Introduction,https://havelsan.udemy.com/course/statistics-intro/,Chi-Square Tests ,50M,10
MATH_03,Statistics: A Step-by-step Introduction,https://havelsan.udemy.com/course/statistics-intro/,Correlation and Simple Linear Regression ,1H20M,11-12
,,,,,
MATH_04,Mathematical Statistics for Data Science,https://havelsan.udemy.com/course/mathstat/,Introduction ,1M,1
MATH_04,Mathematical Statistics for Data Science,https://havelsan.udemy.com/course/mathstat/,Probability Distributions ,29M,1
MATH_04,Mathematical Statistics for Data Science,https://havelsan.udemy.com/course/mathstat/,Expected Values ,17M,1
MATH_04,Mathematical Statistics for Data Science,https://havelsan.udemy.com/course/mathstat/,Estimators and the Method of Moments ,17M,1
MATH_04,Mathematical Statistics for Data Science,https://havelsan.udemy.com/course/mathstat/,Unbiased Estimators ,24M,2
MATH_04,Mathematical Statistics for Data Science,https://havelsan.udemy.com/course/mathstat/,Variance ,36M,2
MATH_04,Mathematical Statistics for Data Science,https://havelsan.udemy.com/course/mathstat/,Maximum Likelihood Estimation ,48M,3
MATH_04,Mathematical Statistics for Data Science,https://havelsan.udemy.com/course/mathstat/,Fisher Information and the Cramer-Rao Lower Bound ,22M,4
MATH_04,Mathematical Statistics for Data Science,https://havelsan.udemy.com/course/mathstat/,Central Limit Theorem ,28M,4
MATH_04,Mathematical Statistics for Data Science,https://havelsan.udemy.com/course/mathstat/,Confidence Intervals ,26M,4
,,,,,
ML_01,Learn Data Science Machine Learning and Neural Networks,https://havelsan.udemy.com/course/learn-data-science-machine-learning-and-neural-networks/,Introduction ,4M,1
ML_01,Learn Data Science Machine Learning and Neural Networks,https://havelsan.udemy.com/course/learn-data-science-machine-learning-and-neural-networks/,Introduction1,59M,1
ML_01,Learn Data Science Machine Learning and Neural Networks,https://havelsan.udemy.com/course/learn-data-science-machine-learning-and-neural-networks/,Visualizing Data in Python ,45M,2
ML_01,Learn Data Science Machine Learning and Neural Networks,https://havelsan.udemy.com/course/learn-data-science-machine-learning-and-neural-networks/,Linear Algebra ,36M,3
ML_01,Learn Data Science Machine Learning and Neural Networks,https://havelsan.udemy.com/course/learn-data-science-machine-learning-and-neural-networks/,Statistics ,43M,4
ML_01,Learn Data Science Machine Learning and Neural Networks,https://havelsan.udemy.com/course/learn-data-science-machine-learning-and-neural-networks/,Probability in Python ,57M,5
ML_01,Learn Data Science Machine Learning and Neural Networks,https://havelsan.udemy.com/course/learn-data-science-machine-learning-and-neural-networks/,Gradient Descent ,36M,6
ML_01,Learn Data Science Machine Learning and Neural Networks,https://havelsan.udemy.com/course/learn-data-science-machine-learning-and-neural-networks/,Data Exploration and Working with Data ,1H33M,7-8
ML_01,Learn Data Science Machine Learning and Neural Networks,https://havelsan.udemy.com/course/learn-data-science-machine-learning-and-neural-networks/,Introduction to Machine Learning ,28M,9
ML_01,Learn Data Science Machine Learning and Neural Networks,https://havelsan.udemy.com/course/learn-data-science-machine-learning-and-neural-networks/,K-Nearest Neighbors ,38M,9
ML_01,Learn Data Science Machine Learning and Neural Networks,https://havelsan.udemy.com/course/learn-data-science-machine-learning-and-neural-networks/,Naive Bayes ,27M,10
ML_01,Learn Data Science Machine Learning and Neural Networks,https://havelsan.udemy.com/course/learn-data-science-machine-learning-and-neural-networks/,Simple Linear Regression ,22M,10
ML_01,Learn Data Science Machine Learning and Neural Networks,https://havelsan.udemy.com/course/learn-data-science-machine-learning-and-neural-networks/,Multiple Regression ,57M,11
ML_01,Learn Data Science Machine Learning and Neural Networks,https://havelsan.udemy.com/course/learn-data-science-machine-learning-and-neural-networks/,Logistic Regression ,27M,12
ML_01,Learn Data Science Machine Learning and Neural Networks,https://havelsan.udemy.com/course/learn-data-science-machine-learning-and-neural-networks/,Decision Trees ,51M,13
ML_01,Learn Data Science Machine Learning and Neural Networks,https://havelsan.udemy.com/course/learn-data-science-machine-learning-and-neural-networks/,Neural Networks ,51M,14
ML_01,Learn Data Science Machine Learning and Neural Networks,https://havelsan.udemy.com/course/learn-data-science-machine-learning-and-neural-networks/,Clusters ,25M,15
,,,,,
ML_02,Machine Learning A-Z (Python  and   R in Data Science Course),https://havelsan.udemy.com/course/machinelearning/,Welcome to the course! Here we will help you get started in the best conditions. ,12M,1
ML_02,Machine Learning A-Z (Python  and   R in Data Science Course),https://havelsan.udemy.com/course/machinelearning/,-------------------- Part 1: Data Preprocessing -------------------- ,10M,1
ML_02,Machine Learning A-Z (Python  and   R in Data Science Course),https://havelsan.udemy.com/course/machinelearning/,Data Preprocessing in Python ,1H32M,2
ML_02,Machine Learning A-Z (Python  and   R in Data Science Course),https://havelsan.udemy.com/course/machinelearning/,Data Preprocessing in R ,47M,3
ML_02,Machine Learning A-Z (Python  and   R in Data Science Course),https://havelsan.udemy.com/course/machinelearning/,Simple Linear Regression ,1H12M,4
ML_02,Machine Learning A-Z (Python  and   R in Data Science Course),https://havelsan.udemy.com/course/machinelearning/,Multiple Linear Regression ,2H16M,5-6
ML_02,Machine Learning A-Z (Python  and   R in Data Science Course),https://havelsan.udemy.com/course/machinelearning/,Polynomial Regression ,1H39M,7-8
ML_02,Machine Learning A-Z (Python  and   R in Data Science Course),https://havelsan.udemy.com/course/machinelearning/,Support Vector Regression (SVR) ,1H3M,9
ML_02,Machine Learning A-Z (Python  and   R in Data Science Course),https://havelsan.udemy.com/course/machinelearning/,Decision Tree Regression ,52M,10
ML_02,Machine Learning A-Z (Python  and   R in Data Science Course),https://havelsan.udemy.com/course/machinelearning/,Random Forest Regression ,35M,11
ML_02,Machine Learning A-Z (Python  and   R in Data Science Course),https://havelsan.udemy.com/course/machinelearning/,Evaluating Regression Models Performance ,10M,12
ML_02,Machine Learning A-Z (Python  and   R in Data Science Course),https://havelsan.udemy.com/course/machinelearning/,Regression Model Selection in Python ,28M,12
ML_02,Machine Learning A-Z (Python  and   R in Data Science Course),https://havelsan.udemy.com/course/machinelearning/,Regression Model Selection in R ,19M,12
ML_02,Machine Learning A-Z (Python  and   R in Data Science Course),https://havelsan.udemy.com/course/machinelearning/,-------------------- Part 3: Classification -------------------- ,2M,12
ML_02,Machine Learning A-Z (Python  and   R in Data Science Course),https://havelsan.udemy.com/course/machinelearning/,Logistic Regression ,1H54M,13-14
ML_02,Machine Learning A-Z (Python  and   R in Data Science Course),https://havelsan.udemy.com/course/machinelearning/,K-Nearest Neighbors (K-NN) ,37M,15
ML_02,Machine Learning A-Z (Python  and   R in Data Science Course),https://havelsan.udemy.com/course/machinelearning/,Support Vector Machine (SVM) ,35M,16
ML_02,Machine Learning A-Z (Python  and   R in Data Science Course),https://havelsan.udemy.com/course/machinelearning/,Kernel SVM ,1H5M,17
ML_02,Machine Learning A-Z (Python  and   R in Data Science Course),https://havelsan.udemy.com/course/machinelearning/,Naive Bayes ,1H16M,18
ML_02,Machine Learning A-Z (Python  and   R in Data Science Course),https://havelsan.udemy.com/course/machinelearning/,Decision Tree Classification ,37M,19
ML_02,Machine Learning A-Z (Python  and   R in Data Science Course),https://havelsan.udemy.com/course/machinelearning/,Random Forest Classification ,33M,19
ML_02,Machine Learning A-Z (Python  and   R in Data Science Course),https://havelsan.udemy.com/course/machinelearning/,Classification Model Selection in Python ,25M,20
ML_02,Machine Learning A-Z (Python  and   R in Data Science Course),https://havelsan.udemy.com/course/machinelearning/,Evaluating Classification Models Performance ,29M,20
ML_02,Machine Learning A-Z (Python  and   R in Data Science Course),https://havelsan.udemy.com/course/machinelearning/,K-Means Clustering ,1H24M,21-22
ML_02,Machine Learning A-Z (Python  and   R in Data Science Course),https://havelsan.udemy.com/course/machinelearning/,Hierarchical Clustering ,1H21M,23-24
ML_02,Machine Learning A-Z (Python  and   R in Data Science Course),https://havelsan.udemy.com/course/machinelearning/,Apriori ,2H10M,25-26
ML_02,Machine Learning A-Z (Python  and   R in Data Science Course),https://havelsan.udemy.com/course/machinelearning/,Eclat ,28M,27
ML_02,Machine Learning A-Z (Python  and   R in Data Science Course),https://havelsan.udemy.com/course/machinelearning/,Upper Confidence Bound (UCB) ,2H22M,27-28-29
ML_02,Machine Learning A-Z (Python  and   R in Data Science Course),https://havelsan.udemy.com/course/machinelearning/,Thompson Sampling ,1H30M,30-31
ML_02,Machine Learning A-Z (Python  and   R in Data Science Course),https://havelsan.udemy.com/course/machinelearning/,-------------------- Part 7: Natural Language Processing -------------------- ,3H5M,32-33-34
ML_02,Machine Learning A-Z (Python  and   R in Data Science Course),https://havelsan.udemy.com/course/machinelearning/,-------------------- Part 8: Deep Learning -------------------- ,12M,35
ML_02,Machine Learning A-Z (Python  and   R in Data Science Course),https://havelsan.udemy.com/course/machinelearning/,Artificial Neural Networks ,3H25M,36-37-38
ML_02,Machine Learning A-Z (Python  and   R in Data Science Course),https://havelsan.udemy.com/course/machinelearning/,Convolutional Neural Networks ,3H14M,39-40-41
ML_02,Machine Learning A-Z (Python  and   R in Data Science Course),https://havelsan.udemy.com/course/machinelearning/,Principal Component Analysis (PCA) ,1H3M,42
ML_02,Machine Learning A-Z (Python  and   R in Data Science Course),https://havelsan.udemy.com/course/machinelearning/,Linear Discriminant Analysis (LDA) ,38M,43
ML_02,Machine Learning A-Z (Python  and   R in Data Science Course),https://havelsan.udemy.com/course/machinelearning/,Kernel PCA ,31M,43
ML_02,Machine Learning A-Z (Python  and   R in Data Science Course),https://havelsan.udemy.com/course/machinelearning/,Model Selection ,1H22M,44-45
ML_02,Machine Learning A-Z (Python  and   R in Data Science Course),https://havelsan.udemy.com/course/machinelearning/,XGBoost ,33M,46
ML_02,Machine Learning A-Z (Python  and   R in Data Science Course),https://havelsan.udemy.com/course/machinelearning/,Annex: Logistic Regression (Long Explanation) ,17M,46
,,,,,
ML_03,Machine Learning 101 with Scikit-learn and StatsModels,https://havelsan.udemy.com/course/machine-learning-101-with-scikit-learn-and-stats-models/,Introduction ,3M,1
ML_03,Machine Learning 101 with Scikit-learn and StatsModels,https://havelsan.udemy.com/course/machine-learning-101-with-scikit-learn-and-stats-models/,Setting Up The Working Environment ,18M,1
ML_03,Machine Learning 101 with Scikit-learn and StatsModels,https://havelsan.udemy.com/course/machine-learning-101-with-scikit-learn-and-stats-models/,Linear Regression with StatsModels ,1H24M,1-2
ML_03,Machine Learning 101 with Scikit-learn and StatsModels,https://havelsan.udemy.com/course/machine-learning-101-with-scikit-learn-and-stats-models/,Linear Regression with Sklearn ,54M,3
ML_03,Machine Learning 101 with Scikit-learn and StatsModels,https://havelsan.udemy.com/course/machine-learning-101-with-scikit-learn-and-stats-models/,Linear Regression - Practical Example ,37M,4
ML_03,Machine Learning 101 with Scikit-learn and StatsModels,https://havelsan.udemy.com/course/machine-learning-101-with-scikit-learn-and-stats-models/,Logistic Regression ,40M,5
ML_03,Machine Learning 101 with Scikit-learn and StatsModels,https://havelsan.udemy.com/course/machine-learning-101-with-scikit-learn-and-stats-models/,Cluster Analysis ,1H2M,6
,,,,,
ML_04,Mastering Machine Learning within Artificial Intelligence,https://havelsan.udemy.com/course/machine-learning-and-ia/,Foundations of Machine Learning ,48M,1
ML_04,Mastering Machine Learning within Artificial Intelligence,https://havelsan.udemy.com/course/machine-learning-and-ia/,Regression Models in Practice ,1H52M,2-3
ML_04,Mastering Machine Learning within Artificial Intelligence,https://havelsan.udemy.com/course/machine-learning-and-ia/,Classification with Neural Networks ,1H26M,4-5
ML_04,Mastering Machine Learning within Artificial Intelligence,https://havelsan.udemy.com/course/machine-learning-and-ia/,Sequence Modeling with Neural Networks ,10M,6
ML_04,Mastering Machine Learning within Artificial Intelligence,https://havelsan.udemy.com/course/machine-learning-and-ia/,Unsupervised Learning: Clustering and Dimensionality Reduction ,55M,6
ML_04,Mastering Machine Learning within Artificial Intelligence,https://havelsan.udemy.com/course/machine-learning-and-ia/,Reinforcement Learning in Action ,1H25M,7-8
,,,,,
ML_05,Machine Learning Project: Heart Attack Prediction Analysis,https://havelsan.udemy.com/course/machine-learning-project-heart-attack-prediction-analysis/,Introduction to Machine Learning with Real Hearth Attack Prediction Project ,1H6M,1
ML_05,Machine Learning Project: Heart Attack Prediction Analysis,https://havelsan.udemy.com/course/machine-learning-project-heart-attack-prediction-analysis/,First Organization ,22M,2
ML_05,Machine Learning Project: Heart Attack Prediction Analysis,https://havelsan.udemy.com/course/machine-learning-project-heart-attack-prediction-analysis/,Preparation For Exploratory Data Analysis (EDA) in Data Science ,40M,2
ML_05,Machine Learning Project: Heart Attack Prediction Analysis,https://havelsan.udemy.com/course/machine-learning-project-heart-attack-prediction-analysis/,Exploratory Data Analysis (EDA) - Uni-variate Analysis ,58M,3
ML_05,Machine Learning Project: Heart Attack Prediction Analysis,https://havelsan.udemy.com/course/machine-learning-project-heart-attack-prediction-analysis/,Exploratory Data Analysis (EDA) - Bi-variate Analysis ,1H56M,4-5
ML_05,Machine Learning Project: Heart Attack Prediction Analysis,https://havelsan.udemy.com/course/machine-learning-project-heart-attack-prediction-analysis/,Preparation for Modelling in Machine Learning ,1H14M,6
ML_05,Machine Learning Project: Heart Attack Prediction Analysis,https://havelsan.udemy.com/course/machine-learning-project-heart-attack-prediction-analysis/,Modelling for Machine Learning ,1H1M,7
ML_05,Machine Learning Project: Heart Attack Prediction Analysis,https://havelsan.udemy.com/course/machine-learning-project-heart-attack-prediction-analysis/,Conclusion ,3M,8
,,,,,
ML_06,Data Science Real World Projects in Python,https://havelsan.udemy.com/course/data-science-real-world-projects-in-python-x/,Introduction to this course ,12M,1
ML_06,Data Science Real World Projects in Python,https://havelsan.udemy.com/course/data-science-real-world-projects-in-python-x/,Introduction to data Science ,21M,1
ML_06,Data Science Real World Projects in Python,https://havelsan.udemy.com/course/data-science-real-world-projects-in-python-x/,Introduction to Life-Cycle of Data Science Project ! ,46M,1
ML_06,Data Science Real World Projects in Python,https://havelsan.udemy.com/course/data-science-real-world-projects-in-python-x/,Project 1--&gt &gt  Predict Fare of Airlines Tickets using Machine Learning ,6H39M,2-3-4-5-6-7
ML_06,Data Science Real World Projects in Python,https://havelsan.udemy.com/course/data-science-real-world-projects-in-python-x/,Project 2--&gt &gt  Predict Password Strength using Natural Language Processing ,2H51M,8-9-10
ML_06,Data Science Real World Projects in Python,https://havelsan.udemy.com/course/data-science-real-world-projects-in-python-x/,Project 3--&gt &gt  Building and Deploying a Movie Recommendation System ! ,2H15M,11-12
ML_06,Data Science Real World Projects in Python,https://havelsan.udemy.com/course/data-science-real-world-projects-in-python-x/,Project 4--&gt &gt  Predict Stock Prices using Time Series Analysis ,1H49M,13-14
,,,,,
ML_07,Machine Learning Practical: 6 Real-World Applications,https://havelsan.udemy.com/course/machine-learning-practical/,Introduction ,2M,1
ML_07,Machine Learning Practical: 6 Real-World Applications,https://havelsan.udemy.com/course/machine-learning-practical/,Breast Cancer Classification ,1H10M,1
ML_07,Machine Learning Practical: 6 Real-World Applications,https://havelsan.udemy.com/course/machine-learning-practical/,Fashion Class Classification ,1H21M,2
ML_07,Machine Learning Practical: 6 Real-World Applications,https://havelsan.udemy.com/course/machine-learning-practical/,Directing Customers to Subscription Through App Behavior Analysis ,1H18M,3
ML_07,Machine Learning Practical: 6 Real-World Applications,https://havelsan.udemy.com/course/machine-learning-practical/,Minimizing Churn Rate Through Analysis of Financial Habits ,1H38M,4-5
ML_07,Machine Learning Practical: 6 Real-World Applications,https://havelsan.udemy.com/course/machine-learning-practical/,Predicting the Likelihood of E-Signing a Loan Based on Financial History ,1H45M,6-7
ML_07,Machine Learning Practical: 6 Real-World Applications,https://havelsan.udemy.com/course/machine-learning-practical/,Credit Card Fraud Detection ,1H18M,8
,,,,,
ML_08,Introduction to Machine Learning Models (AI) Testing,https://havelsan.udemy.com/course/machine-learning-models-ai-testing/,Getting Started with Machine Learning Testing basics ,27M,1
ML_08,Introduction to Machine Learning Models (AI) Testing,https://havelsan.udemy.com/course/machine-learning-models-ai-testing/,Early Testing Strategies in ML Model Engineering phase (Supervised Learning) ,50M,2
ML_08,Introduction to Machine Learning Models (AI) Testing,https://havelsan.udemy.com/course/machine-learning-models-ai-testing/,Unsupervised Learning Models Testing in Engineering Phase ,27M,3
ML_08,Introduction to Machine Learning Models (AI) Testing,https://havelsan.udemy.com/course/machine-learning-models-ai-testing/,Reinforcement Learning  and   Commonly used Frameworks and Algos in ML Models ,21M,3
ML_08,Introduction to Machine Learning Models (AI) Testing,https://havelsan.udemy.com/course/machine-learning-models-ai-testing/,Functional Testing for Machine Learning Models in Evaluation Phase ,1H12M,4
ML_08,Introduction to Machine Learning Models (AI) Testing,https://havelsan.udemy.com/course/machine-learning-models-ai-testing/,Introduction to API Testing on Machine Learning Models ,33M,5
ML_08,Introduction to Machine Learning Models (AI) Testing,https://havelsan.udemy.com/course/machine-learning-models-ai-testing/,Responsible AI Testing with examples on Machine Learning (AI) Models ,25M,5
ML_08,Introduction to Machine Learning Models (AI) Testing,https://havelsan.udemy.com/course/machine-learning-models-ai-testing/,Post Deployment Testing Types with examples on Machine Learning Models ,29M,6
,,,,,
ML_09,Data Science : Complete Data Science  and   Machine Learning,https://havelsan.udemy.com/course/complete-data-science-and-machine-learning-using-python/,Introduction ,12M,1
ML_09,Data Science : Complete Data Science  and   Machine Learning,https://havelsan.udemy.com/course/complete-data-science-and-machine-learning-using-python/,-- Part 1: Essential Python Programming -- ,1H43M,1-2
ML_09,Data Science : Complete Data Science  and   Machine Learning,https://havelsan.udemy.com/course/complete-data-science-and-machine-learning-using-python/,-- Part 2: Essential Mathematics -- ,2H30M,2-3-4
ML_09,Data Science : Complete Data Science  and   Machine Learning,https://havelsan.udemy.com/course/complete-data-science-and-machine-learning-using-python/,What is Data Science and Machine Learning? ,40M,5
ML_09,Data Science : Complete Data Science  and   Machine Learning,https://havelsan.udemy.com/course/complete-data-science-and-machine-learning-using-python/,Descriptive Statistics ,28M,5
ML_09,Data Science : Complete Data Science  and   Machine Learning,https://havelsan.udemy.com/course/complete-data-science-and-machine-learning-using-python/,Data Visualization ,1H30M,6-7
ML_09,Data Science : Complete Data Science  and   Machine Learning,https://havelsan.udemy.com/course/complete-data-science-and-machine-learning-using-python/,Inferential Statistics  Distributions and Hypothesis ,2H11M,8-9
ML_09,Data Science : Complete Data Science  and   Machine Learning,https://havelsan.udemy.com/course/complete-data-science-and-machine-learning-using-python/,-- Part 4: Data Pre-Processing -- ,1H12M,10-11
ML_09,Data Science : Complete Data Science  and   Machine Learning,https://havelsan.udemy.com/course/complete-data-science-and-machine-learning-using-python/,Simple Linear Regression ,46M,12
ML_09,Data Science : Complete Data Science  and   Machine Learning,https://havelsan.udemy.com/course/complete-data-science-and-machine-learning-using-python/,Multiple Linear Regression ,1H10M,13
ML_09,Data Science : Complete Data Science  and   Machine Learning,https://havelsan.udemy.com/course/complete-data-science-and-machine-learning-using-python/,Project 4 - Kaggle Bike Demand Predictions ,1H36M,14-15
ML_09,Data Science : Complete Data Science  and   Machine Learning,https://havelsan.udemy.com/course/complete-data-science-and-machine-learning-using-python/,Logistic Regression ,37M,16
ML_09,Data Science : Complete Data Science  and   Machine Learning,https://havelsan.udemy.com/course/complete-data-science-and-machine-learning-using-python/,Support Vector Machines (SVM) ,55M,17
ML_09,Data Science : Complete Data Science  and   Machine Learning,https://havelsan.udemy.com/course/complete-data-science-and-machine-learning-using-python/,Decision Trees ,39M,18
ML_09,Data Science : Complete Data Science  and   Machine Learning,https://havelsan.udemy.com/course/complete-data-science-and-machine-learning-using-python/,Random Forest ,13M,19
ML_09,Data Science : Complete Data Science  and   Machine Learning,https://havelsan.udemy.com/course/complete-data-science-and-machine-learning-using-python/,Evaluate Classification Models ,49M,19
ML_09,Data Science : Complete Data Science  and   Machine Learning,https://havelsan.udemy.com/course/complete-data-science-and-machine-learning-using-python/,Univariate Feature Selection ,1H12M,20
ML_09,Data Science : Complete Data Science  and   Machine Learning,https://havelsan.udemy.com/course/complete-data-science-and-machine-learning-using-python/,Recursive Feature Elimination ,30M,21
ML_09,Data Science : Complete Data Science  and   Machine Learning,https://havelsan.udemy.com/course/complete-data-science-and-machine-learning-using-python/,-- Part 8: Dimensionality Reduction -- ,34M,21
ML_09,Data Science : Complete Data Science  and   Machine Learning,https://havelsan.udemy.com/course/complete-data-science-and-machine-learning-using-python/,---- Part 9 - Regularization ---- ,1H7M,22
ML_09,Data Science : Complete Data Science  and   Machine Learning,https://havelsan.udemy.com/course/complete-data-science-and-machine-learning-using-python/,Cross Validation for Model Selection ,26M,23
ML_09,Data Science : Complete Data Science  and   Machine Learning,https://havelsan.udemy.com/course/complete-data-science-and-machine-learning-using-python/,Hyperparameter Tuning for Model Selection ,58M,24
ML_09,Data Science : Complete Data Science  and   Machine Learning,https://havelsan.udemy.com/course/complete-data-science-and-machine-learning-using-python/,-- Part 11: Deep Learning ---- ,2H33M,25-26-27
ML_09,Data Science : Complete Data Science  and   Machine Learning,https://havelsan.udemy.com/course/complete-data-science-and-machine-learning-using-python/,---- Part 12 - Clustering or Cluster Analysis ---- ,1H4M,28
,,,,,
ML_10,Machine Learning Practical Workout | 8 Real-World Projects,https://havelsan.udemy.com/course/deep-learning-machine-learning-practical/,INTRODUCTION TO THE COURSE [QUICK WIN IN FIRST 10-12 MINS] ,44M,1
ML_10,Machine Learning Practical Workout | 8 Real-World Projects,https://havelsan.udemy.com/course/deep-learning-machine-learning-practical/,ANACONDA AND JUPYTER INSTALLATION ,18M,1
ML_10,Machine Learning Practical Workout | 8 Real-World Projects,https://havelsan.udemy.com/course/deep-learning-machine-learning-practical/,PROJECT #1: ARTIFICIAL NEURAL NETWORKS - CAR SALES PREDICTION ,2H2M,2-3
ML_10,Machine Learning Practical Workout | 8 Real-World Projects,https://havelsan.udemy.com/course/deep-learning-machine-learning-practical/,PROJECT #2: DEEP NEURAL NETWORKS - CIFAR-10 CLASSIFICATION ,2H45M,4-5-6
ML_10,Machine Learning Practical Workout | 8 Real-World Projects,https://havelsan.udemy.com/course/deep-learning-machine-learning-practical/,PROJECT #3: PROPHET TIME SERIES - CHICAGO CRIME RATE ,58M,7
ML_10,Machine Learning Practical Workout | 8 Real-World Projects,https://havelsan.udemy.com/course/deep-learning-machine-learning-practical/,PROJECT #4: PROPHET TIME SERIES - AVOCADO MARKET ,45M,8
ML_10,Machine Learning Practical Workout | 8 Real-World Projects,https://havelsan.udemy.com/course/deep-learning-machine-learning-practical/,PROJECT #5: LE-NET DEEP NETWORK - TRAFFIC SIGN CLASSIFICATION ,1H33M,9-10
ML_10,Machine Learning Practical Workout | 8 Real-World Projects,https://havelsan.udemy.com/course/deep-learning-machine-learning-practical/,PROJECT #6: NATURAL LANGUAGE PROCESSING - E-MAIL SPAM FILTER ,1H27M,11-12
ML_10,Machine Learning Practical Workout | 8 Real-World Projects,https://havelsan.udemy.com/course/deep-learning-machine-learning-practical/,PROJECT #7: NATURAL LANGUAGE PROCESSING - YELP REVIEWS ,2H15M,13-14
ML_10,Machine Learning Practical Workout | 8 Real-World Projects,https://havelsan.udemy.com/course/deep-learning-machine-learning-practical/,PROJECT #8: USER-BASED COLLABORATIVE FILTERING - MOVIE RECOMMENDER SYSTEM ,1H22M,15
,,,,,
ML_11,Machine Learning and Deep Learning Bootcamp in Python,https://havelsan.udemy.com/course/introduction-to-machine-learning-in-python/,Introduction ,2M,1
ML_11,Machine Learning and Deep Learning Bootcamp in Python,https://havelsan.udemy.com/course/introduction-to-machine-learning-in-python/,Environment Setup ,8M,1
ML_11,Machine Learning and Deep Learning Bootcamp in Python,https://havelsan.udemy.com/course/introduction-to-machine-learning-in-python/,Artificial Intelligence Basics ,21M,1
ML_11,Machine Learning and Deep Learning Bootcamp in Python,https://havelsan.udemy.com/course/introduction-to-machine-learning-in-python/,Linear Regression ,42M,1
ML_11,Machine Learning and Deep Learning Bootcamp in Python,https://havelsan.udemy.com/course/introduction-to-machine-learning-in-python/,Logistic Regression ,50M,2
ML_11,Machine Learning and Deep Learning Bootcamp in Python,https://havelsan.udemy.com/course/introduction-to-machine-learning-in-python/,Cross Validation ,11M,2
ML_11,Machine Learning and Deep Learning Bootcamp in Python,https://havelsan.udemy.com/course/introduction-to-machine-learning-in-python/,K-Nearest Neighbor Classifier ,40M,3
ML_11,Machine Learning and Deep Learning Bootcamp in Python,https://havelsan.udemy.com/course/introduction-to-machine-learning-in-python/,Naive Bayes Classifier ,49M,4
ML_11,Machine Learning and Deep Learning Bootcamp in Python,https://havelsan.udemy.com/course/introduction-to-machine-learning-in-python/,Support Vector Machines (SVMs) ,1H18M,5
ML_11,Machine Learning and Deep Learning Bootcamp in Python,https://havelsan.udemy.com/course/introduction-to-machine-learning-in-python/,Decision Trees ,52M,6
ML_11,Machine Learning and Deep Learning Bootcamp in Python,https://havelsan.udemy.com/course/introduction-to-machine-learning-in-python/,Random Forest Classifier ,46M,7
ML_11,Machine Learning and Deep Learning Bootcamp in Python,https://havelsan.udemy.com/course/introduction-to-machine-learning-in-python/,Boosting ,47M,8
ML_11,Machine Learning and Deep Learning Bootcamp in Python,https://havelsan.udemy.com/course/introduction-to-machine-learning-in-python/,Principal Component Analysis (PCA) ,38M,9
ML_11,Machine Learning and Deep Learning Bootcamp in Python,https://havelsan.udemy.com/course/introduction-to-machine-learning-in-python/,Clustering ,1H5M,9-10
ML_11,Machine Learning and Deep Learning Bootcamp in Python,https://havelsan.udemy.com/course/introduction-to-machine-learning-in-python/,Machine Learning Project I - Face Recognition ,34M,11
ML_11,Machine Learning and Deep Learning Bootcamp in Python,https://havelsan.udemy.com/course/introduction-to-machine-learning-in-python/,Feed-Forward Neural Network Theory ,1H12M,12
ML_11,Machine Learning and Deep Learning Bootcamp in Python,https://havelsan.udemy.com/course/introduction-to-machine-learning-in-python/,Simple Feed-Forward Neural Network Implementation ,21M,13
ML_11,Machine Learning and Deep Learning Bootcamp in Python,https://havelsan.udemy.com/course/introduction-to-machine-learning-in-python/,Deep Learning ,2M,13
ML_11,Machine Learning and Deep Learning Bootcamp in Python,https://havelsan.udemy.com/course/introduction-to-machine-learning-in-python/,Deep Neural Networks Theory ,48M,13
ML_11,Machine Learning and Deep Learning Bootcamp in Python,https://havelsan.udemy.com/course/introduction-to-machine-learning-in-python/,Deep Neural Networks Implementation ,31M,14
ML_11,Machine Learning and Deep Learning Bootcamp in Python,https://havelsan.udemy.com/course/introduction-to-machine-learning-in-python/,Machine Learning Project II - Smile Detector ,19M,14
ML_11,Machine Learning and Deep Learning Bootcamp in Python,https://havelsan.udemy.com/course/introduction-to-machine-learning-in-python/,Convolutional Neural Networks (CNNs) Theory ,56M,15
ML_11,Machine Learning and Deep Learning Bootcamp in Python,https://havelsan.udemy.com/course/introduction-to-machine-learning-in-python/,Convolutional Neural Networks (CNNs) Implementation ,28M,16
ML_11,Machine Learning and Deep Learning Bootcamp in Python,https://havelsan.udemy.com/course/introduction-to-machine-learning-in-python/,Machine Learning Project III - Identifying Objects with CNNs ,34M,16
ML_11,Machine Learning and Deep Learning Bootcamp in Python,https://havelsan.udemy.com/course/introduction-to-machine-learning-in-python/,Recurrent Neural Networks (RNNs) Theory ,1H4M,17
ML_11,Machine Learning and Deep Learning Bootcamp in Python,https://havelsan.udemy.com/course/introduction-to-machine-learning-in-python/,Recurrent Neural Networks (RNNs) Implementation ,26M,18
ML_11,Machine Learning and Deep Learning Bootcamp in Python,https://havelsan.udemy.com/course/introduction-to-machine-learning-in-python/,Transformers ,1H45M,19-20
ML_11,Machine Learning and Deep Learning Bootcamp in Python,https://havelsan.udemy.com/course/introduction-to-machine-learning-in-python/,Generative Adversarial Networks (GANs) Theory ,32M,21
ML_11,Machine Learning and Deep Learning Bootcamp in Python,https://havelsan.udemy.com/course/introduction-to-machine-learning-in-python/,Generative Adversarial Networks (GANs) Implementation ,37M,21
ML_11,Machine Learning and Deep Learning Bootcamp in Python,https://havelsan.udemy.com/course/introduction-to-machine-learning-in-python/,### NUMERICAL OPTIMIZATION (OPTIMIZERS) ### ,1H29M,22-23
ML_11,Machine Learning and Deep Learning Bootcamp in Python,https://havelsan.udemy.com/course/introduction-to-machine-learning-in-python/,### REINFORCEMENT LEARNING ### ,3M,24
ML_11,Machine Learning and Deep Learning Bootcamp in Python,https://havelsan.udemy.com/course/introduction-to-machine-learning-in-python/,Markov Decision Process (MDP) Theory ,50M,24
ML_11,Machine Learning and Deep Learning Bootcamp in Python,https://havelsan.udemy.com/course/introduction-to-machine-learning-in-python/,Exploration vs. Exploitation Problem ,27M,25
ML_11,Machine Learning and Deep Learning Bootcamp in Python,https://havelsan.udemy.com/course/introduction-to-machine-learning-in-python/,Q Learning Theory ,24M,25
ML_11,Machine Learning and Deep Learning Bootcamp in Python,https://havelsan.udemy.com/course/introduction-to-machine-learning-in-python/,Q Learning Implementation (Tic Tac Toe) ,54M,26
ML_11,Machine Learning and Deep Learning Bootcamp in Python,https://havelsan.udemy.com/course/introduction-to-machine-learning-in-python/,Deep Q Learning Theory ,26M,27
ML_11,Machine Learning and Deep Learning Bootcamp in Python,https://havelsan.udemy.com/course/introduction-to-machine-learning-in-python/,Deep Q Learning Implementation (Tic Tac Toe) ,29M,27
ML_11,Machine Learning and Deep Learning Bootcamp in Python,https://havelsan.udemy.com/course/introduction-to-machine-learning-in-python/,Proximal Policy Optimization (PPO) Theory ,53M,28
ML_11,Machine Learning and Deep Learning Bootcamp in Python,https://havelsan.udemy.com/course/introduction-to-machine-learning-in-python/,### PYTHON PROGRAMMING CRASH COURSE ### ,2M,28
ML_11,Machine Learning and Deep Learning Bootcamp in Python,https://havelsan.udemy.com/course/introduction-to-machine-learning-in-python/,Appendix #1 - Python Basics ,1H18M,29
ML_11,Machine Learning and Deep Learning Bootcamp in Python,https://havelsan.udemy.com/course/introduction-to-machine-learning-in-python/,Appendix #2 - Functions ,54M,29
ML_11,Machine Learning and Deep Learning Bootcamp in Python,https://havelsan.udemy.com/course/introduction-to-machine-learning-in-python/,Appendix #3 - Data Structures in Python ,1H48M,30
ML_11,Machine Learning and Deep Learning Bootcamp in Python,https://havelsan.udemy.com/course/introduction-to-machine-learning-in-python/,Appendix #4 - Object Oriented Programming (OOP) ,59M,30
ML_11,Machine Learning and Deep Learning Bootcamp in Python,https://havelsan.udemy.com/course/introduction-to-machine-learning-in-python/,Appendix #5 - NumPy ,52M,31
,,,,,
DL_01,Deep Learning A-Z™: Hands-On Artificial Neural Networks,https://havelsan.udemy.com/course/deeplearning/,Welcome to the course! ,14M,1
DL_01,Deep Learning A-Z™: Hands-On Artificial Neural Networks,https://havelsan.udemy.com/course/deeplearning/,ANN Intuition ,1H17M,1
DL_01,Deep Learning A-Z™: Hands-On Artificial Neural Networks,https://havelsan.udemy.com/course/deeplearning/,Building an ANN ,1H11M,2
DL_01,Deep Learning A-Z™: Hands-On Artificial Neural Networks,https://havelsan.udemy.com/course/deeplearning/,CNN Intuition ,1H40M,3-4
DL_01,Deep Learning A-Z™: Hands-On Artificial Neural Networks,https://havelsan.udemy.com/course/deeplearning/,Building a CNN ,1H29M,5-6
DL_01,Deep Learning A-Z™: Hands-On Artificial Neural Networks,https://havelsan.udemy.com/course/deeplearning/,RNN Intuition ,1H11M,7
DL_01,Deep Learning A-Z™: Hands-On Artificial Neural Networks,https://havelsan.udemy.com/course/deeplearning/,Evaluating and Improving the RNN ,2M,8
DL_01,Deep Learning A-Z™: Hands-On Artificial Neural Networks,https://havelsan.udemy.com/course/deeplearning/,SOMs Intuition ,1H30M,8-9
DL_01,Deep Learning A-Z™: Hands-On Artificial Neural Networks,https://havelsan.udemy.com/course/deeplearning/,Building a SOM ,53M,10
DL_01,Deep Learning A-Z™: Hands-On Artificial Neural Networks,https://havelsan.udemy.com/course/deeplearning/,Mega Case Study ,31M,11
DL_01,Deep Learning A-Z™: Hands-On Artificial Neural Networks,https://havelsan.udemy.com/course/deeplearning/,Boltzmann Machine Intuition ,1H13M,12
DL_01,Deep Learning A-Z™: Hands-On Artificial Neural Networks,https://havelsan.udemy.com/course/deeplearning/,Building a Boltzmann Machine ,2H50M,13-14-15
DL_01,Deep Learning A-Z™: Hands-On Artificial Neural Networks,https://havelsan.udemy.com/course/deeplearning/,AutoEncoders Intuition ,39M,16
DL_01,Deep Learning A-Z™: Hands-On Artificial Neural Networks,https://havelsan.udemy.com/course/deeplearning/,Building an AutoEncoder ,2H18M,17-18
DL_01,Deep Learning A-Z™: Hands-On Artificial Neural Networks,https://havelsan.udemy.com/course/deeplearning/,Regression  and   Classification Intuition ,27M,19
DL_01,Deep Learning A-Z™: Hands-On Artificial Neural Networks,https://havelsan.udemy.com/course/deeplearning/,Data Preprocessing ,10M,19
DL_01,Deep Learning A-Z™: Hands-On Artificial Neural Networks,https://havelsan.udemy.com/course/deeplearning/,Data Preprocessing in Python ,1H32M,20-21
DL_01,Deep Learning A-Z™: Hands-On Artificial Neural Networks,https://havelsan.udemy.com/course/deeplearning/,Logistic Regression ,1H14M,22
,,,,,
DL_02,A deep understanding of deep learning (with Python intro),https://havelsan.udemy.com/course/deeplearning_x/,Introduction ,17M,1
DL_02,A deep understanding of deep learning (with Python intro),https://havelsan.udemy.com/course/deeplearning_x/,Download all course materials ,8M,1
DL_02,A deep understanding of deep learning (with Python intro),https://havelsan.udemy.com/course/deeplearning_x/,Concepts in deep learning ,1H16M,2
DL_02,A deep understanding of deep learning (with Python intro),https://havelsan.udemy.com/course/deeplearning_x/,About the Python tutorial ,4M,3
DL_02,A deep understanding of deep learning (with Python intro),https://havelsan.udemy.com/course/deeplearning_x/,Math  numpy  PyTorch ,3H21M,3-4-5
DL_02,A deep understanding of deep learning (with Python intro),https://havelsan.udemy.com/course/deeplearning_x/,Gradient descent ,1H57M,6-7
DL_02,A deep understanding of deep learning (with Python intro),https://havelsan.udemy.com/course/deeplearning_x/,ANNs (Artificial Neural Networks) ,5H12M,8-9-10-11-12
DL_02,A deep understanding of deep learning (with Python intro),https://havelsan.udemy.com/course/deeplearning_x/,Overfitting and cross-validation ,1H47M,13-14
DL_02,A deep understanding of deep learning (with Python intro),https://havelsan.udemy.com/course/deeplearning_x/,Regularization ,2H38M,15-16-17
DL_02,A deep understanding of deep learning (with Python intro),https://havelsan.udemy.com/course/deeplearning_x/,Metaparameters (activations  optimizers) ,4H51M,18-19-20-21-22
DL_02,A deep understanding of deep learning (with Python intro),https://havelsan.udemy.com/course/deeplearning_x/,FFNs (Feed-Forward Networks) ,2H14M,23-24
DL_02,A deep understanding of deep learning (with Python intro),https://havelsan.udemy.com/course/deeplearning_x/,More on data ,2H24M,25-26-27
DL_02,A deep understanding of deep learning (with Python intro),https://havelsan.udemy.com/course/deeplearning_x/,Measuring model performance ,1H19M,28
DL_02,A deep understanding of deep learning (with Python intro),https://havelsan.udemy.com/course/deeplearning_x/,FFN milestone projects ,1H2M,29
DL_02,A deep understanding of deep learning (with Python intro),https://havelsan.udemy.com/course/deeplearning_x/,Weight inits and investigations ,2H18M,30-31
DL_02,A deep understanding of deep learning (with Python intro),https://havelsan.udemy.com/course/deeplearning_x/,Autoencoders ,1H51M,32-33
DL_02,A deep understanding of deep learning (with Python intro),https://havelsan.udemy.com/course/deeplearning_x/,Running models on a GPU ,32M,34
DL_02,A deep understanding of deep learning (with Python intro),https://havelsan.udemy.com/course/deeplearning_x/,Convolution and transformations ,2H56M,35-36-37
DL_02,A deep understanding of deep learning (with Python intro),https://havelsan.udemy.com/course/deeplearning_x/,Understand and design CNNs ,4H10M,38-39-40-41
DL_02,A deep understanding of deep learning (with Python intro),https://havelsan.udemy.com/course/deeplearning_x/,CNN milestone projects ,39M,42-43-44-45
DL_02,A deep understanding of deep learning (with Python intro),https://havelsan.udemy.com/course/deeplearning_x/,Transfer learning ,1H46M,46-47
DL_02,A deep understanding of deep learning (with Python intro),https://havelsan.udemy.com/course/deeplearning_x/,Style transfer ,57M,48
DL_02,A deep understanding of deep learning (with Python intro),https://havelsan.udemy.com/course/deeplearning_x/,Generative adversarial networks ,1H24M,49-50
DL_02,A deep understanding of deep learning (with Python intro),https://havelsan.udemy.com/course/deeplearning_x/,RNNs (Recurrent Neural Networks) (and GRU/LSTM) ,2H47M,51-52-53
DL_02,A deep understanding of deep learning (with Python intro),https://havelsan.udemy.com/course/deeplearning_x/,Ethics of deep learning ,48M,54
DL_02,A deep understanding of deep learning (with Python intro),https://havelsan.udemy.com/course/deeplearning_x/,Where to go from here? ,24M,55
DL_02,A deep understanding of deep learning (with Python intro),https://havelsan.udemy.com/course/deeplearning_x/,Python intro: Data types ,1H41M,55-56
DL_02,A deep understanding of deep learning (with Python intro),https://havelsan.udemy.com/course/deeplearning_x/,Python intro: Indexing  slicing ,24M,57
DL_02,A deep understanding of deep learning (with Python intro),https://havelsan.udemy.com/course/deeplearning_x/,Python intro: Functions ,1H41M,57-58
DL_02,A deep understanding of deep learning (with Python intro),https://havelsan.udemy.com/course/deeplearning_x/,Python intro: Flow control ,2H35M,59-60
DL_02,A deep understanding of deep learning (with Python intro),https://havelsan.udemy.com/course/deeplearning_x/,Python intro: Text and plots ,1H42M,61-62
,,,,,
DL_03,PyTorch Ultimate: From Basics to Cutting-Edge,https://havelsan.udemy.com/course/pytorch-ultimate/,Course Overview  and   System Setup ,23M,1
DL_03,PyTorch Ultimate: From Basics to Cutting-Edge,https://havelsan.udemy.com/course/pytorch-ultimate/,Machine Learning ,17M,1
DL_03,PyTorch Ultimate: From Basics to Cutting-Edge,https://havelsan.udemy.com/course/pytorch-ultimate/,Deep Learning Introduction ,31M,1
DL_03,PyTorch Ultimate: From Basics to Cutting-Edge,https://havelsan.udemy.com/course/pytorch-ultimate/,Model Evaluation ,19M,1
DL_03,PyTorch Ultimate: From Basics to Cutting-Edge,https://havelsan.udemy.com/course/pytorch-ultimate/,Neural Network from Scratch (opt. but highly recommended) ,46M,2
DL_03,PyTorch Ultimate: From Basics to Cutting-Edge,https://havelsan.udemy.com/course/pytorch-ultimate/,Tensors ,22M,2
DL_03,PyTorch Ultimate: From Basics to Cutting-Edge,https://havelsan.udemy.com/course/pytorch-ultimate/,PyTorch Modeling Introduction ,1H32M,3-4
DL_03,PyTorch Ultimate: From Basics to Cutting-Edge,https://havelsan.udemy.com/course/pytorch-ultimate/,Classification Models ,1H4M,5
DL_03,PyTorch Ultimate: From Basics to Cutting-Edge,https://havelsan.udemy.com/course/pytorch-ultimate/,CNN: Image Classification ,1H24M,6-7
DL_03,PyTorch Ultimate: From Basics to Cutting-Edge,https://havelsan.udemy.com/course/pytorch-ultimate/,CNN: Audio Classification ,32M,7
DL_03,PyTorch Ultimate: From Basics to Cutting-Edge,https://havelsan.udemy.com/course/pytorch-ultimate/,CNN: Object Detection ,1H11M,8
DL_03,PyTorch Ultimate: From Basics to Cutting-Edge,https://havelsan.udemy.com/course/pytorch-ultimate/,Style Transfer ,23M,9
DL_03,PyTorch Ultimate: From Basics to Cutting-Edge,https://havelsan.udemy.com/course/pytorch-ultimate/,Pretrained Networks and Transfer Learning ,16M,9
DL_03,PyTorch Ultimate: From Basics to Cutting-Edge,https://havelsan.udemy.com/course/pytorch-ultimate/,Recurrent Neural Networks ,28M,9
DL_03,PyTorch Ultimate: From Basics to Cutting-Edge,https://havelsan.udemy.com/course/pytorch-ultimate/,Recommender Systems ,43M,10
DL_03,PyTorch Ultimate: From Basics to Cutting-Edge,https://havelsan.udemy.com/course/pytorch-ultimate/,Autoencoders ,23M,11
DL_03,PyTorch Ultimate: From Basics to Cutting-Edge,https://havelsan.udemy.com/course/pytorch-ultimate/,Generative Adversarial Networks ,28M,11
DL_03,PyTorch Ultimate: From Basics to Cutting-Edge,https://havelsan.udemy.com/course/pytorch-ultimate/,Graph Neural Networks ,46M,12
DL_03,PyTorch Ultimate: From Basics to Cutting-Edge,https://havelsan.udemy.com/course/pytorch-ultimate/,Transformers ,29M,13
DL_03,PyTorch Ultimate: From Basics to Cutting-Edge,https://havelsan.udemy.com/course/pytorch-ultimate/,PyTorch Lightning ,22M,13
DL_03,PyTorch Ultimate: From Basics to Cutting-Edge,https://havelsan.udemy.com/course/pytorch-ultimate/,Semi-Supervised Learning ,41M,14
DL_03,PyTorch Ultimate: From Basics to Cutting-Edge,https://havelsan.udemy.com/course/pytorch-ultimate/,Natural Language Processing (NLP) ,1H54M,15-16
DL_03,PyTorch Ultimate: From Basics to Cutting-Edge,https://havelsan.udemy.com/course/pytorch-ultimate/,Miscellanious Topics ,2H22M,17-18-19
DL_03,PyTorch Ultimate: From Basics to Cutting-Edge,https://havelsan.udemy.com/course/pytorch-ultimate/,Model Debugging ,14M,20
DL_03,PyTorch Ultimate: From Basics to Cutting-Edge,https://havelsan.udemy.com/course/pytorch-ultimate/,Model Deployment ,56M,20
,,,,,
DL_04,Practical Deep Learning: Master PyTorch in 15 Days,https://havelsan.udemy.com/course/deep-learning-practical/,Introduction ,2M,1
DL_04,Practical Deep Learning: Master PyTorch in 15 Days,https://havelsan.udemy.com/course/deep-learning-practical/,[Day 1]: Foundations of Neural Networks: From Models and Neurons to Tensors ,1H19M,1-2
DL_04,Practical Deep Learning: Master PyTorch in 15 Days,https://havelsan.udemy.com/course/deep-learning-practical/,[Day 2]: Neuron Training: From Adjusting Parameters to Batch Learning ,59M,3
DL_04,Practical Deep Learning: Master PyTorch in 15 Days,https://havelsan.udemy.com/course/deep-learning-practical/,[Day 3  and   4]: Single Neuron Regression: Predicting Used Car Prices with PyTorch ,2H5M,4-5
DL_04,Practical Deep Learning: Master PyTorch in 15 Days,https://havelsan.udemy.com/course/deep-learning-practical/,[Day 5  and   6]: Neuron Classifier: Spam Detection in SMS ,2H6M,6-7
DL_04,Practical Deep Learning: Master PyTorch in 15 Days,https://havelsan.udemy.com/course/deep-learning-practical/,[Day 7  and   8]: Neural Network Classifier: Student Exam Results Prediction ,1H40M,8-9
DL_04,Practical Deep Learning: Master PyTorch in 15 Days,https://havelsan.udemy.com/course/deep-learning-practical/,[Day 8]: Exercise: Loan Approval Classification ,38M,10
DL_04,Practical Deep Learning: Master PyTorch in 15 Days,https://havelsan.udemy.com/course/deep-learning-practical/,[Day 9  and   10]: Neural Network for Multi-Class Classification: Handwritten Digits ,2H16M,11-12
DL_04,Practical Deep Learning: Master PyTorch in 15 Days,https://havelsan.udemy.com/course/deep-learning-practical/,[Day 11  and   12]: Convolutional Networks: Fashion Item Classification (multi-class) ,2H8M,13-14
DL_04,Practical Deep Learning: Master PyTorch in 15 Days,https://havelsan.udemy.com/course/deep-learning-practical/,[Day 13  and   14]: Transfer Learning with ResNet for Tire Quality Prediction ,2H29M,15-16-17
DL_04,Practical Deep Learning: Master PyTorch in 15 Days,https://havelsan.udemy.com/course/deep-learning-practical/,[Day 15]: Deploying AI Models with Gradio: From Setup to Real-World Predictions ,33M,18
,,,,,
DL_05,Generative AI application design and development,https://havelsan.udemy.com/course/generative-ai-app-dev/,Introduction ,6M,1
DL_05,Generative AI application design and development,https://havelsan.udemy.com/course/generative-ai-app-dev/,Setup development environment ,33M,1
DL_05,Generative AI application design and development,https://havelsan.udemy.com/course/generative-ai-app-dev/,Generative AI : Fundamentals ,2H2M,2-3
DL_05,Generative AI application design and development,https://havelsan.udemy.com/course/generative-ai-app-dev/,Generative AI applications ,1H38M,4-5
DL_05,Generative AI application design and development,https://havelsan.udemy.com/course/generative-ai-app-dev/,Hugging Face Models : Fundamentals ,47M,6
DL_05,Generative AI application design and development,https://havelsan.udemy.com/course/generative-ai-app-dev/,(Optional) Hugging Face Models : Advanced ,50M,7
DL_05,Generative AI application design and development,https://havelsan.udemy.com/course/generative-ai-app-dev/,LLM challenges  and   prompt engineering ,1H28M,8-9
DL_05,Generative AI application design and development,https://havelsan.udemy.com/course/generative-ai-app-dev/,Langchain : Prompts  Chains  and   LCEL ,1H16M,10
DL_05,Generative AI application design and development,https://havelsan.udemy.com/course/generative-ai-app-dev/,Dealing with structured responses from LLM ,51M,11
DL_05,Generative AI application design and development,https://havelsan.udemy.com/course/generative-ai-app-dev/,Datasets for model training  and testing ,22M,12
DL_05,Generative AI application design and development,https://havelsan.udemy.com/course/generative-ai-app-dev/,Vector databases ,1H24M,12-13
DL_05,Generative AI application design and development,https://havelsan.udemy.com/course/generative-ai-app-dev/,Advanced Retrieval Augmented Generation ,1H25M,13-14
DL_05,Generative AI application design and development,https://havelsan.udemy.com/course/generative-ai-app-dev/,Agentic RAG ,1H35M,15-16
DL_05,Generative AI application design and development,https://havelsan.udemy.com/course/generative-ai-app-dev/,Model Context Protocol (MCP) ,1H33M,17-18
DL_05,Generative AI application design and development,https://havelsan.udemy.com/course/generative-ai-app-dev/,Building workflows  and   agents with LangGraph ,1H27M,19-20
DL_05,Generative AI application design and development,https://havelsan.udemy.com/course/generative-ai-app-dev/,Building workflows  and   agents with LangGraph ,1H47M,21-22
DL_05,Generative AI application design and development,https://havelsan.udemy.com/course/generative-ai-app-dev/,Fine tuning ,1H6M,23
DL_05,Generative AI application design and development,https://havelsan.udemy.com/course/generative-ai-app-dev/,Dataset preparation for fine-tuning ,32M,24
DL_05,Generative AI application design and development,https://havelsan.udemy.com/course/generative-ai-app-dev/,Pre-training  and   Fine-tuning with HuggingFace Trainer ,1H14M,24-25
,,,,,
MLOPS_01,MLOps Zero to Hero,https://havelsan.udemy.com/course/mlops-zero-to-hero/,Course Introduction ,3M,1
MLOPS_01,MLOps Zero to Hero,https://havelsan.udemy.com/course/mlops-zero-to-hero/,Introduction to MLOps ,44M,1
MLOPS_01,MLOps Zero to Hero,https://havelsan.udemy.com/course/mlops-zero-to-hero/,Understand the role of MLOps in ML Lifecycle at a High level [Project based] ,52M,2
MLOPS_01,MLOps Zero to Hero,https://havelsan.udemy.com/course/mlops-zero-to-hero/,Data Versioning and Data Version Control (DVC) ,27M,3
MLOPS_01,MLOps Zero to Hero,https://havelsan.udemy.com/course/mlops-zero-to-hero/,Experiment Tracking and MLFlow ,1H18M,4
MLOPS_01,MLOps Zero to Hero,https://havelsan.udemy.com/course/mlops-zero-to-hero/,Fundamentals of Model Deployment and Model Serving ,26M,5
MLOPS_01,MLOps Zero to Hero,https://havelsan.udemy.com/course/mlops-zero-to-hero/,Model Deployment and Serving using Virtual Machines ,1H41M,6-7
MLOPS_01,MLOps Zero to Hero,https://havelsan.udemy.com/course/mlops-zero-to-hero/,Model Deployment and Serving using Kubernetes ,1H44M,8-9
MLOPS_01,MLOps Zero to Hero,https://havelsan.udemy.com/course/mlops-zero-to-hero/,KServe ,47M,10
MLOPS_01,MLOps Zero to Hero,https://havelsan.udemy.com/course/mlops-zero-to-hero/,AWS Sagemaker AI ,1H35M,11-12
MLOPS_01,MLOps Zero to Hero,https://havelsan.udemy.com/course/mlops-zero-to-hero/,Continuous Integration and Continuous Delivery (CI/CD) for Models ,59M,13
,,,,,
MLOPS_02,LLMOps Masterclass 2025 - Generative AI - MLOps - AIOps,https://havelsan.udemy.com/course/llmops-masterclass-generative-ai-mlops-aiops/,Introduction to Course ,10M,1
MLOPS_02,LLMOps Masterclass 2025 - Generative AI - MLOps - AIOps,https://havelsan.udemy.com/course/llmops-masterclass-generative-ai-mlops-aiops/,Navigating the Generative AI Tsunami ,28M,1
MLOPS_02,LLMOps Masterclass 2025 - Generative AI - MLOps - AIOps,https://havelsan.udemy.com/course/llmops-masterclass-generative-ai-mlops-aiops/,Getting Started with Generative AI ,15M,1
MLOPS_02,LLMOps Masterclass 2025 - Generative AI - MLOps - AIOps,https://havelsan.udemy.com/course/llmops-masterclass-generative-ai-mlops-aiops/,Prompt Engineering ,31M,2
MLOPS_02,LLMOps Masterclass 2025 - Generative AI - MLOps - AIOps,https://havelsan.udemy.com/course/llmops-masterclass-generative-ai-mlops-aiops/,Technical Details of LLM ,14M,2
MLOPS_02,LLMOps Masterclass 2025 - Generative AI - MLOps - AIOps,https://havelsan.udemy.com/course/llmops-masterclass-generative-ai-mlops-aiops/,Project 1 - Building LLM Application using ChatGPT ,35M,2
MLOPS_02,LLMOps Masterclass 2025 - Generative AI - MLOps - AIOps,https://havelsan.udemy.com/course/llmops-masterclass-generative-ai-mlops-aiops/,Packaging the AI/ LLM Application ,1H14M,3
MLOPS_02,LLMOps Masterclass 2025 - Generative AI - MLOps - AIOps,https://havelsan.udemy.com/course/llmops-masterclass-generative-ai-mlops-aiops/,Deploying the Container Application with Kubernetes ,2H3M,4-5
MLOPS_02,LLMOps Masterclass 2025 - Generative AI - MLOps - AIOps,https://havelsan.udemy.com/course/llmops-masterclass-generative-ai-mlops-aiops/,Github Actions ,36M,6
MLOPS_02,LLMOps Masterclass 2025 - Generative AI - MLOps - AIOps,https://havelsan.udemy.com/course/llmops-masterclass-generative-ai-mlops-aiops/,Setting Up Kubernetes on Google Cloud ,20M,6
MLOPS_02,LLMOps Masterclass 2025 - Generative AI - MLOps - AIOps,https://havelsan.udemy.com/course/llmops-masterclass-generative-ai-mlops-aiops/,Implement CI CD with Github Actions - GKE ,27M,7
MLOPS_02,LLMOps Masterclass 2025 - Generative AI - MLOps - AIOps,https://havelsan.udemy.com/course/llmops-masterclass-generative-ai-mlops-aiops/,Introducing  Hugging Face Library ,2H3M,8-9
MLOPS_02,LLMOps Masterclass 2025 - Generative AI - MLOps - AIOps,https://havelsan.udemy.com/course/llmops-masterclass-generative-ai-mlops-aiops/,Project 2 - Building Generative AI App using Hugging Face ,25M,10
MLOPS_02,LLMOps Masterclass 2025 - Generative AI - MLOps - AIOps,https://havelsan.udemy.com/course/llmops-masterclass-generative-ai-mlops-aiops/,Monitoring of LLM Models in Production ,57M,11
MLOPS_02,LLMOps Masterclass 2025 - Generative AI - MLOps - AIOps,https://havelsan.udemy.com/course/llmops-masterclass-generative-ai-mlops-aiops/,Additional Hands On - Github actions with AWS EC2 Instances ,33M,12
,,,,,
MLOPS_03,Complete Data Science Machine Learning DL NLP Bootcamp,https://havelsan.udemy.com/course/complete-machine-learning-nlp-bootcamp-mlops-deployment/,Getting Started ,27M,1
MLOPS_03,Complete Data Science Machine Learning DL NLP Bootcamp,https://havelsan.udemy.com/course/complete-machine-learning-nlp-bootcamp-mlops-deployment/,Python Programming Language ,1H24M,2-3
MLOPS_03,Complete Data Science Machine Learning DL NLP Bootcamp,https://havelsan.udemy.com/course/complete-machine-learning-nlp-bootcamp-mlops-deployment/,Python Control Flow ,49M,4
MLOPS_03,Complete Data Science Machine Learning DL NLP Bootcamp,https://havelsan.udemy.com/course/complete-machine-learning-nlp-bootcamp-mlops-deployment/,Inbuilt Data Structures In Python ,2H9M,5-6
MLOPS_03,Complete Data Science Machine Learning DL NLP Bootcamp,https://havelsan.udemy.com/course/complete-machine-learning-nlp-bootcamp-mlops-deployment/,Functions In Python ,1H22M,7
MLOPS_03,Complete Data Science Machine Learning DL NLP Bootcamp,https://havelsan.udemy.com/course/complete-machine-learning-nlp-bootcamp-mlops-deployment/,Importing Creating Modules And Packages ,34M,8
MLOPS_03,Complete Data Science Machine Learning DL NLP Bootcamp,https://havelsan.udemy.com/course/complete-machine-learning-nlp-bootcamp-mlops-deployment/,File Handling In Python ,25M,8
MLOPS_03,Complete Data Science Machine Learning DL NLP Bootcamp,https://havelsan.udemy.com/course/complete-machine-learning-nlp-bootcamp-mlops-deployment/,Exception Handling In Python ,25M,9
MLOPS_03,Complete Data Science Machine Learning DL NLP Bootcamp,https://havelsan.udemy.com/course/complete-machine-learning-nlp-bootcamp-mlops-deployment/,OOPS Concepts With Classes And Objects ,1H56M,10-11
MLOPS_03,Complete Data Science Machine Learning DL NLP Bootcamp,https://havelsan.udemy.com/course/complete-machine-learning-nlp-bootcamp-mlops-deployment/,Advance Python ,38M,12
MLOPS_03,Complete Data Science Machine Learning DL NLP Bootcamp,https://havelsan.udemy.com/course/complete-machine-learning-nlp-bootcamp-mlops-deployment/,Data Analysis With Python ,2H26M,12-13-14
MLOPS_03,Complete Data Science Machine Learning DL NLP Bootcamp,https://havelsan.udemy.com/course/complete-machine-learning-nlp-bootcamp-mlops-deployment/,Working With Sqlite3 ,16M,15
MLOPS_03,Complete Data Science Machine Learning DL NLP Bootcamp,https://havelsan.udemy.com/course/complete-machine-learning-nlp-bootcamp-mlops-deployment/,Logging In Python ,27M,15
MLOPS_03,Complete Data Science Machine Learning DL NLP Bootcamp,https://havelsan.udemy.com/course/complete-machine-learning-nlp-bootcamp-mlops-deployment/,Python Multi Threading and Multi Processing ,56M,16
MLOPS_03,Complete Data Science Machine Learning DL NLP Bootcamp,https://havelsan.udemy.com/course/complete-machine-learning-nlp-bootcamp-mlops-deployment/,Memory Management With Python ,20M,17
MLOPS_03,Complete Data Science Machine Learning DL NLP Bootcamp,https://havelsan.udemy.com/course/complete-machine-learning-nlp-bootcamp-mlops-deployment/,Getting Started With Flask Framework ,1H46M,17-18
MLOPS_03,Complete Data Science Machine Learning DL NLP Bootcamp,https://havelsan.udemy.com/course/complete-machine-learning-nlp-bootcamp-mlops-deployment/,Getting Started With Streamlit Web Framework ,25M,19
MLOPS_03,Complete Data Science Machine Learning DL NLP Bootcamp,https://havelsan.udemy.com/course/complete-machine-learning-nlp-bootcamp-mlops-deployment/,Getting Started With Statistics ,2H24M,19-20-21
MLOPS_03,Complete Data Science Machine Learning DL NLP Bootcamp,https://havelsan.udemy.com/course/complete-machine-learning-nlp-bootcamp-mlops-deployment/,Introduction To Probability ,21M,22
MLOPS_03,Complete Data Science Machine Learning DL NLP Bootcamp,https://havelsan.udemy.com/course/complete-machine-learning-nlp-bootcamp-mlops-deployment/,Inferential Statistics ,2H31M,22-23-24
MLOPS_03,Complete Data Science Machine Learning DL NLP Bootcamp,https://havelsan.udemy.com/course/complete-machine-learning-nlp-bootcamp-mlops-deployment/,Feature Engineering ,1H23M,25-26
MLOPS_03,Complete Data Science Machine Learning DL NLP Bootcamp,https://havelsan.udemy.com/course/complete-machine-learning-nlp-bootcamp-mlops-deployment/,Exploratory Data Analysis and Feature Engineering ,1H38M,27-28
MLOPS_03,Complete Data Science Machine Learning DL NLP Bootcamp,https://havelsan.udemy.com/course/complete-machine-learning-nlp-bootcamp-mlops-deployment/,Introduction To Machine Learning ,1H1M,29
MLOPS_03,Complete Data Science Machine Learning DL NLP Bootcamp,https://havelsan.udemy.com/course/complete-machine-learning-nlp-bootcamp-mlops-deployment/,Understanding Complete Linear Regression Indepth Intuition And Practicals ,4H15M,30-31-32-33
MLOPS_03,Complete Data Science Machine Learning DL NLP Bootcamp,https://havelsan.udemy.com/course/complete-machine-learning-nlp-bootcamp-mlops-deployment/,Ridge Lasso And ElasticNet ML ALgorithms ,2H10M,34-35
MLOPS_03,Complete Data Science Machine Learning DL NLP Bootcamp,https://havelsan.udemy.com/course/complete-machine-learning-nlp-bootcamp-mlops-deployment/,Steps By Step Project Implementation With LifeCycle OF ML Project ,2H44M,36-37-38
MLOPS_03,Complete Data Science Machine Learning DL NLP Bootcamp,https://havelsan.udemy.com/course/complete-machine-learning-nlp-bootcamp-mlops-deployment/,Logistic Regression ,2H7M,39-40
MLOPS_03,Complete Data Science Machine Learning DL NLP Bootcamp,https://havelsan.udemy.com/course/complete-machine-learning-nlp-bootcamp-mlops-deployment/,Support Vector Machines ,1H44M,41-42
MLOPS_03,Complete Data Science Machine Learning DL NLP Bootcamp,https://havelsan.udemy.com/course/complete-machine-learning-nlp-bootcamp-mlops-deployment/,Naive Bayes Theorem ,56M,43
MLOPS_03,Complete Data Science Machine Learning DL NLP Bootcamp,https://havelsan.udemy.com/course/complete-machine-learning-nlp-bootcamp-mlops-deployment/,K Nearest Neighbour ML Algorithm ,36M,44
MLOPS_03,Complete Data Science Machine Learning DL NLP Bootcamp,https://havelsan.udemy.com/course/complete-machine-learning-nlp-bootcamp-mlops-deployment/,Decision Tree Classifier And Regressor ,1H46M,45-46
MLOPS_03,Complete Data Science Machine Learning DL NLP Bootcamp,https://havelsan.udemy.com/course/complete-machine-learning-nlp-bootcamp-mlops-deployment/,Random Forest Machine Learning ,1H24M,47-48
MLOPS_03,Complete Data Science Machine Learning DL NLP Bootcamp,https://havelsan.udemy.com/course/complete-machine-learning-nlp-bootcamp-mlops-deployment/,Adaboost Machine Learning Algorithm ,1H9M,49
MLOPS_03,Complete Data Science Machine Learning DL NLP Bootcamp,https://havelsan.udemy.com/course/complete-machine-learning-nlp-bootcamp-mlops-deployment/,Gradient Boosting ,33M,50
MLOPS_03,Complete Data Science Machine Learning DL NLP Bootcamp,https://havelsan.udemy.com/course/complete-machine-learning-nlp-bootcamp-mlops-deployment/,Xgboost Machine Learning Algorithms ,1H3M,51
MLOPS_03,Complete Data Science Machine Learning DL NLP Bootcamp,https://havelsan.udemy.com/course/complete-machine-learning-nlp-bootcamp-mlops-deployment/,Unsupervised Machine Learning ,7M,52
MLOPS_03,Complete Data Science Machine Learning DL NLP Bootcamp,https://havelsan.udemy.com/course/complete-machine-learning-nlp-bootcamp-mlops-deployment/,PCA ,1H29M,52-53
MLOPS_03,Complete Data Science Machine Learning DL NLP Bootcamp,https://havelsan.udemy.com/course/complete-machine-learning-nlp-bootcamp-mlops-deployment/,K Means Clustering Unsupervised ML ,48M,54
MLOPS_03,Complete Data Science Machine Learning DL NLP Bootcamp,https://havelsan.udemy.com/course/complete-machine-learning-nlp-bootcamp-mlops-deployment/,Hierarichal Clustering ,32M,55
MLOPS_03,Complete Data Science Machine Learning DL NLP Bootcamp,https://havelsan.udemy.com/course/complete-machine-learning-nlp-bootcamp-mlops-deployment/,DBSCAN Clustering ,25M,55
MLOPS_03,Complete Data Science Machine Learning DL NLP Bootcamp,https://havelsan.udemy.com/course/complete-machine-learning-nlp-bootcamp-mlops-deployment/,Silhoutte Clustering ,8M,56
MLOPS_03,Complete Data Science Machine Learning DL NLP Bootcamp,https://havelsan.udemy.com/course/complete-machine-learning-nlp-bootcamp-mlops-deployment/,Anomaly Detection Machine Learning Algorithms ,37M,56
MLOPS_03,Complete Data Science Machine Learning DL NLP Bootcamp,https://havelsan.udemy.com/course/complete-machine-learning-nlp-bootcamp-mlops-deployment/,Dockers For Beginners ,1H39M,56-57
MLOPS_03,Complete Data Science Machine Learning DL NLP Bootcamp,https://havelsan.udemy.com/course/complete-machine-learning-nlp-bootcamp-mlops-deployment/,GIT For Beginners ,51M,58
MLOPS_03,Complete Data Science Machine Learning DL NLP Bootcamp,https://havelsan.udemy.com/course/complete-machine-learning-nlp-bootcamp-mlops-deployment/,End To End Machine Learning Project With AWS Azure Deployment ,5H14M,59-60-61-62-63
MLOPS_03,Complete Data Science Machine Learning DL NLP Bootcamp,https://havelsan.udemy.com/course/complete-machine-learning-nlp-bootcamp-mlops-deployment/,End To End MLOPS Projects With ETL Pipelines- Building Network Security System ,7H41M,64-65-66-67-68-69-70
,,,,,
LLM_01,Complete Generative AI Course With Langchain and Huggingface,https://havelsan.udemy.com/course/complete-generative-ai-course-with-langchain-and-huggingface/,Introduction ,1H39M,1-2
LLM_01,Complete Generative AI Course With Langchain and Huggingface,https://havelsan.udemy.com/course/complete-generative-ai-course-with-langchain-and-huggingface/,Python Control Flow ,49M,3
LLM_01,Complete Generative AI Course With Langchain and Huggingface,https://havelsan.udemy.com/course/complete-generative-ai-course-with-langchain-and-huggingface/,Data Structures Using Python ,1H47M,4-5
LLM_01,Complete Generative AI Course With Langchain and Huggingface,https://havelsan.udemy.com/course/complete-generative-ai-course-with-langchain-and-huggingface/,Functions In Python ,1H22M,6-7
LLM_01,Complete Generative AI Course With Langchain and Huggingface,https://havelsan.udemy.com/course/complete-generative-ai-course-with-langchain-and-huggingface/,Importing  Creating Modules And Packages ,34M,8
LLM_01,Complete Generative AI Course With Langchain and Huggingface,https://havelsan.udemy.com/course/complete-generative-ai-course-with-langchain-and-huggingface/,File Handling In Python ,25M,8
LLM_01,Complete Generative AI Course With Langchain and Huggingface,https://havelsan.udemy.com/course/complete-generative-ai-course-with-langchain-and-huggingface/,Exception Handling ,25M,9
LLM_01,Complete Generative AI Course With Langchain and Huggingface,https://havelsan.udemy.com/course/complete-generative-ai-course-with-langchain-and-huggingface/,OOPS Classes And Objects ,1H48M,10-11
LLM_01,Complete Generative AI Course With Langchain and Huggingface,https://havelsan.udemy.com/course/complete-generative-ai-course-with-langchain-and-huggingface/,Streamlit With Python ,25M,12
LLM_01,Complete Generative AI Course With Langchain and Huggingface,https://havelsan.udemy.com/course/complete-generative-ai-course-with-langchain-and-huggingface/,Machine Learning For NLP (Prerequisites) ,4H54M,12-13-14-15-16
LLM_01,Complete Generative AI Course With Langchain and Huggingface,https://havelsan.udemy.com/course/complete-generative-ai-course-with-langchain-and-huggingface/,Deep Learning For NLP(Prerequisites) ,39M,17
LLM_01,Complete Generative AI Course With Langchain and Huggingface,https://havelsan.udemy.com/course/complete-generative-ai-course-with-langchain-and-huggingface/,Simple RNN Indepth Intuition ,1H21M,18-19
LLM_01,Complete Generative AI Course With Langchain and Huggingface,https://havelsan.udemy.com/course/complete-generative-ai-course-with-langchain-and-huggingface/,ANN Project Implementation ,2H17M,20-21
LLM_01,Complete Generative AI Course With Langchain and Huggingface,https://havelsan.udemy.com/course/complete-generative-ai-course-with-langchain-and-huggingface/,End To End Deep Learning Projects With Simple RNN ,1H18M,22
LLM_01,Complete Generative AI Course With Langchain and Huggingface,https://havelsan.udemy.com/course/complete-generative-ai-course-with-langchain-and-huggingface/,LSTM RNN Indepth Intuition ,2H6M,23-24
LLM_01,Complete Generative AI Course With Langchain and Huggingface,https://havelsan.udemy.com/course/complete-generative-ai-course-with-langchain-and-huggingface/,LSTM And GRU End To End Deep Learning Project- Predicting Next Word ,45M,25
LLM_01,Complete Generative AI Course With Langchain and Huggingface,https://havelsan.udemy.com/course/complete-generative-ai-course-with-langchain-and-huggingface/,Bidirerctional RNN Indepth Intuition ,23M,26
LLM_01,Complete Generative AI Course With Langchain and Huggingface,https://havelsan.udemy.com/course/complete-generative-ai-course-with-langchain-and-huggingface/,Encoder And Decoder|Sequence To Sequence Architecture ,41M,26
LLM_01,Complete Generative AI Course With Langchain and Huggingface,https://havelsan.udemy.com/course/complete-generative-ai-course-with-langchain-and-huggingface/,Attention Mechanism-Seq2Seq Networks ,28M,27
LLM_01,Complete Generative AI Course With Langchain and Huggingface,https://havelsan.udemy.com/course/complete-generative-ai-course-with-langchain-and-huggingface/,Transformers ,5H1M,28-29-30-31-32
LLM_01,Complete Generative AI Course With Langchain and Huggingface,https://havelsan.udemy.com/course/complete-generative-ai-course-with-langchain-and-huggingface/,Introduction To Generative AI And LLM Models ,42M,33
LLM_01,Complete Generative AI Course With Langchain and Huggingface,https://havelsan.udemy.com/course/complete-generative-ai-course-with-langchain-and-huggingface/,Introduction To Langchain For Generative AI ,16M,34
LLM_01,Complete Generative AI Course With Langchain and Huggingface,https://havelsan.udemy.com/course/complete-generative-ai-course-with-langchain-and-huggingface/,Getting Started With Langchain And OpenAI ,12M,34
LLM_01,Complete Generative AI Course With Langchain and Huggingface,https://havelsan.udemy.com/course/complete-generative-ai-course-with-langchain-and-huggingface/,Important Components And Modules In Langchain ,2H22M,35-36-37
LLM_01,Complete Generative AI Course With Langchain and Huggingface,https://havelsan.udemy.com/course/complete-generative-ai-course-with-langchain-and-huggingface/,Getting Started With Open AI And Ollama ,1H23M,38-39
LLM_01,Complete Generative AI Course With Langchain and Huggingface,https://havelsan.udemy.com/course/complete-generative-ai-course-with-langchain-and-huggingface/,Building Basic LLM application Using LCEL(LangChain Expression Language) ,48M,40
LLM_01,Complete Generative AI Course With Langchain and Huggingface,https://havelsan.udemy.com/course/complete-generative-ai-course-with-langchain-and-huggingface/,Building Chatbots With Conversation History Using Langchain ,1H15M,41-42
LLM_01,Complete Generative AI Course With Langchain and Huggingface,https://havelsan.udemy.com/course/complete-generative-ai-course-with-langchain-and-huggingface/,Conversational Q and  A Chatbot With Message History ,28M,42
LLM_01,Complete Generative AI Course With Langchain and Huggingface,https://havelsan.udemy.com/course/complete-generative-ai-course-with-langchain-and-huggingface/,Langchain Version V1 Updates ,2H31M,43-44-45
LLM_01,Complete Generative AI Course With Langchain and Huggingface,https://havelsan.udemy.com/course/complete-generative-ai-course-with-langchain-and-huggingface/,End To End Q and  A Chatbot GEN AI App With ,44M,46
LLM_01,Complete Generative AI Course With Langchain and Huggingface,https://havelsan.udemy.com/course/complete-generative-ai-course-with-langchain-and-huggingface/,RAG Document Q and  A With GROQ API And LLama3 ,31M,47
LLM_01,Complete Generative AI Course With Langchain and Huggingface,https://havelsan.udemy.com/course/complete-generative-ai-course-with-langchain-and-huggingface/,Conversational Q and  A Chatbot- Chat With Pdf Along With Chat History ,35M,47
LLM_01,Complete Generative AI Course With Langchain and Huggingface,https://havelsan.udemy.com/course/complete-generative-ai-course-with-langchain-and-huggingface/,Gen AI Project-Chat With SQL DB With Langchain SQL Toolkit and Agentype ,52M,48
LLM_01,Complete Generative AI Course With Langchain and Huggingface,https://havelsan.udemy.com/course/complete-generative-ai-course-with-langchain-and-huggingface/,Text Summarization With Langchain ,55M,48
LLM_01,Complete Generative AI Course With Langchain and Huggingface,https://havelsan.udemy.com/course/complete-generative-ai-course-with-langchain-and-huggingface/,Gen AI Projects- Youtube Video And Website Url  Content Summarization ,25M,49
LLM_01,Complete Generative AI Course With Langchain and Huggingface,https://havelsan.udemy.com/course/complete-generative-ai-course-with-langchain-and-huggingface/,Text To Math Problem Solver Using Google Gemma 2 ,33M,49
LLM_01,Complete Generative AI Course With Langchain and Huggingface,https://havelsan.udemy.com/course/complete-generative-ai-course-with-langchain-and-huggingface/,Huggingface And Langchain Integration ,31M,50
LLM_01,Complete Generative AI Course With Langchain and Huggingface,https://havelsan.udemy.com/course/complete-generative-ai-course-with-langchain-and-huggingface/,Pdf Query RAG With Langchain And AstraDB ,23M,50
LLM_01,Complete Generative AI Course With Langchain and Huggingface,https://havelsan.udemy.com/course/complete-generative-ai-course-with-langchain-and-huggingface/,MultiLanguage Code Assistant Using CodeLama ,20M,51
LLM_01,Complete Generative AI Course With Langchain and Huggingface,https://havelsan.udemy.com/course/complete-generative-ai-course-with-langchain-and-huggingface/,Deployment Of Gen AI Apps In Streamlit and Huggingspace ,28M,51
LLM_01,Complete Generative AI Course With Langchain and Huggingface,https://havelsan.udemy.com/course/complete-generative-ai-course-with-langchain-and-huggingface/,Generative AI With AWS(Bonus) ,2H42M,52-53-54
LLM_01,Complete Generative AI Course With Langchain and Huggingface,https://havelsan.udemy.com/course/complete-generative-ai-course-with-langchain-and-huggingface/,Getting Started With Nvidia NIM and Langchain ,26M,55
LLM_01,Complete Generative AI Course With Langchain and Huggingface,https://havelsan.udemy.com/course/complete-generative-ai-course-with-langchain-and-huggingface/,Creating Multi AI Agents Using CrewAI For Real World Usecases ,32M,55
LLM_01,Complete Generative AI Course With Langchain and Huggingface,https://havelsan.udemy.com/course/complete-generative-ai-course-with-langchain-and-huggingface/,Hybrid Search RAG With Vector Database And Langchain ,41M,56
LLM_01,Complete Generative AI Course With Langchain and Huggingface,https://havelsan.udemy.com/course/complete-generative-ai-course-with-langchain-and-huggingface/,Introduction To Graph Databases And Cypher Query Language With Langchain ,1H32M,57-58
LLM_01,Complete Generative AI Course With Langchain and Huggingface,https://havelsan.udemy.com/course/complete-generative-ai-course-with-langchain-and-huggingface/,Practical Implementation With Graphdb With Langchain ,50M,59
LLM_01,Complete Generative AI Course With Langchain and Huggingface,https://havelsan.udemy.com/course/complete-generative-ai-course-with-langchain-and-huggingface/,Detailed Intuition and Implementation Of Finetuning LLM Models ,1H9M,60
LLM_01,Complete Generative AI Course With Langchain and Huggingface,https://havelsan.udemy.com/course/complete-generative-ai-course-with-langchain-and-huggingface/,End To End finetuning LLM Models With Lamini Platform ,14M,60
,,,,,
LLM_02,Evaluation for LLM Applications,https://havelsan.udemy.com/course/evaluation-for-llm-applications/,Introduction ,3M,1
LLM_02,Evaluation for LLM Applications,https://havelsan.udemy.com/course/evaluation-for-llm-applications/,Section 1: Foundations of LLM Evaluation ,7M,1
LLM_02,Evaluation for LLM Applications,https://havelsan.udemy.com/course/evaluation-for-llm-applications/,Section 2: Instrumentation  and   Observability ,7M,1
LLM_02,Evaluation for LLM Applications,https://havelsan.udemy.com/course/evaluation-for-llm-applications/,Section 3: Systematic Error Analysis ,7M,1
LLM_02,Evaluation for LLM Applications,https://havelsan.udemy.com/course/evaluation-for-llm-applications/,Section 4: Evaluation Techniques  and   LLM-Judge Approaches ,7M,1
LLM_02,Evaluation for LLM Applications,https://havelsan.udemy.com/course/evaluation-for-llm-applications/,Section 5: Evaluating RAG Systems ,6M,1
LLM_02,Evaluation for LLM Applications,https://havelsan.udemy.com/course/evaluation-for-llm-applications/,Section 6: Production Monitoring  and   Continuous Evaluation ,6M,1
LLM_02,Evaluation for LLM Applications,https://havelsan.udemy.com/course/evaluation-for-llm-applications/,Section 7: Human Review  and   Cost Optimization ,6M,1
,,,,,
LLM_03,A deep understanding of AI large language model mechanisms,https://havelsan.udemy.com/course/dullms_x/,Introductions ,43M,1
LLM_03,A deep understanding of AI large language model mechanisms,https://havelsan.udemy.com/course/dullms_x/,Words to tokens to numbers ,5H10M,2-3-4-5-6
LLM_03,A deep understanding of AI large language model mechanisms,https://havelsan.udemy.com/course/dullms_x/,Embeddings spaces ,6H35M,7-8-9-10-11-12
LLM_03,A deep understanding of AI large language model mechanisms,https://havelsan.udemy.com/course/dullms_x/,Build a GPT ,8H23M,13-14-15-16-17-18-19-20
LLM_03,A deep understanding of AI large language model mechanisms,https://havelsan.udemy.com/course/dullms_x/,Pretrain LLMs ,5H12M,21-22-23-24-25
LLM_03,A deep understanding of AI large language model mechanisms,https://havelsan.udemy.com/course/dullms_x/,Fine-tune pretrained models ,6H13M,26-27-28-29-30-31
LLM_03,A deep understanding of AI large language model mechanisms,https://havelsan.udemy.com/course/dullms_x/,Instruction tuning ,1H34M,32-33
LLM_03,A deep understanding of AI large language model mechanisms,https://havelsan.udemy.com/course/dullms_x/,Quantitative evaluations ,3H31M,34-35-36-37
LLM_03,A deep understanding of AI large language model mechanisms,https://havelsan.udemy.com/course/dullms_x/,Qualitative evaluations ,1H24M,38-39
LLM_03,A deep understanding of AI large language model mechanisms,https://havelsan.udemy.com/course/dullms_x/,AI safety ,52M,40
LLM_03,A deep understanding of AI large language model mechanisms,https://havelsan.udemy.com/course/dullms_x/,Interpretability ,56M,41
LLM_03,A deep understanding of AI large language model mechanisms,https://havelsan.udemy.com/course/dullms_x/,Investigating token embeddings (part 1) ,6H41M,42-43-44-45-46-47
LLM_03,A deep understanding of AI large language model mechanisms,https://havelsan.udemy.com/course/dullms_x/,Investigating neurons and dimensions ,7H13M,48-49-50-51-52-53-54
LLM_03,A deep understanding of AI large language model mechanisms,https://havelsan.udemy.com/course/dullms_x/,Investigating layers ,6H23M,55-56-57-58-59-60
LLM_03,A deep understanding of AI large language model mechanisms,https://havelsan.udemy.com/course/dullms_x/,Investigating token embeddings (part 2) ,3H14M,61-62-63
LLM_03,A deep understanding of AI large language model mechanisms,https://havelsan.udemy.com/course/dullms_x/,Identifying circuits and components ,6H41M,64-65-66-67-68-69
LLM_03,A deep understanding of AI large language model mechanisms,https://havelsan.udemy.com/course/dullms_x/,How to modify activations ,1H2M,70
LLM_03,A deep understanding of AI large language model mechanisms,https://havelsan.udemy.com/course/dullms_x/,Editing hidden states ,2H13M,71-72
LLM_03,A deep understanding of AI large language model mechanisms,https://havelsan.udemy.com/course/dullms_x/,Interfering with attention ,2H35M,73-74-75
LLM_03,A deep understanding of AI large language model mechanisms,https://havelsan.udemy.com/course/dullms_x/,Modifying MLP ,2H2M,76-77
LLM_03,A deep understanding of AI large language model mechanisms,https://havelsan.udemy.com/course/dullms_x/,Python intro: Colab and notebooks ,15M,78
LLM_03,A deep understanding of AI large language model mechanisms,https://havelsan.udemy.com/course/dullms_x/,Python intro: Data types ,59M,78
LLM_03,A deep understanding of AI large language model mechanisms,https://havelsan.udemy.com/course/dullms_x/,Python intro: Indexing and slicing ,22M,79
LLM_03,A deep understanding of AI large language model mechanisms,https://havelsan.udemy.com/course/dullms_x/,Python intro: Functions ,1H7M,80
LLM_03,A deep understanding of AI large language model mechanisms,https://havelsan.udemy.com/course/dullms_x/,Python intro: Flow control ,1H4M,81
LLM_03,A deep understanding of AI large language model mechanisms,https://havelsan.udemy.com/course/dullms_x/,Python intro: Data visualization ,36M,82
LLM_03,A deep understanding of AI large language model mechanisms,https://havelsan.udemy.com/course/dullms_x/,Python intro: Strings and texts ,22M,82
LLM_03,A deep understanding of AI large language model mechanisms,https://havelsan.udemy.com/course/dullms_x/,Python intro: Pytorch ,52M,83
LLM_03,A deep understanding of AI large language model mechanisms,https://havelsan.udemy.com/course/dullms_x/,Math of deep learning ,3H22M,84-85-86
LLM_03,A deep understanding of AI large language model mechanisms,https://havelsan.udemy.com/course/dullms_x/,How models learn: gradient descent ,1H13M,87
LLM_03,A deep understanding of AI large language model mechanisms,https://havelsan.udemy.com/course/dullms_x/,Essence of deep learning modeling ,1H56M,88-89
,,,,,
LLM_04,Intro to Large Language Models (LLMs),https://havelsan.udemy.com/course/intro-to-large-language-models-llms/,Introduction to Large Language Models ,15M,1
LLM_04,Intro to Large Language Models (LLMs),https://havelsan.udemy.com/course/intro-to-large-language-models-llms/,The Transformer Architecture ,22M,1
LLM_04,Intro to Large Language Models (LLMs),https://havelsan.udemy.com/course/intro-to-large-language-models-llms/,Getting started with GPT models ,33M,1
LLM_04,Intro to Large Language Models (LLMs),https://havelsan.udemy.com/course/intro-to-large-language-models-llms/,Hugging Face Transformers ,26M,2
LLM_04,Intro to Large Language Models (LLMs),https://havelsan.udemy.com/course/intro-to-large-language-models-llms/,Question and answer models with BERT ,30M,2
LLM_04,Intro to Large Language Models (LLMs),https://havelsan.udemy.com/course/intro-to-large-language-models-llms/,Introduction to Large Language Models ,15M,3
LLM_04,Intro to Large Language Models (LLMs),https://havelsan.udemy.com/course/intro-to-large-language-models-llms/,The Transformer Architecture ,22M,3
LLM_04,Intro to Large Language Models (LLMs),https://havelsan.udemy.com/course/intro-to-large-language-models-llms/,Getting started with GPT models ,33M,3
LLM_04,Intro to Large Language Models (LLMs),https://havelsan.udemy.com/course/intro-to-large-language-models-llms/,Hugging Face Transformers ,26M,4
LLM_04,Intro to Large Language Models (LLMs),https://havelsan.udemy.com/course/intro-to-large-language-models-llms/,Question and answer models with BERT ,30M,4
,,,,,
LLM_05,Mastering Generative AI: LLM Apps  LangChain  RAG  and   Chatbots,https://havelsan.udemy.com/course/mastering-generative-ai/,Introduction to the Course ,2M,1
LLM_05,Mastering Generative AI: LLM Apps  LangChain  RAG  and   Chatbots,https://havelsan.udemy.com/course/mastering-generative-ai/,Python begins!! ,48M,1
LLM_05,Mastering Generative AI: LLM Apps  LangChain  RAG  and   Chatbots,https://havelsan.udemy.com/course/mastering-generative-ai/,Python Data Structures ,1H23M,2
LLM_05,Mastering Generative AI: LLM Apps  LangChain  RAG  and   Chatbots,https://havelsan.udemy.com/course/mastering-generative-ai/,Python File Handling  Loops  and   Functions ,1H32M,3-4
LLM_05,Mastering Generative AI: LLM Apps  LangChain  RAG  and   Chatbots,https://havelsan.udemy.com/course/mastering-generative-ai/,Control Structures  and   OOPs ,30M,5
LLM_05,Mastering Generative AI: LLM Apps  LangChain  RAG  and   Chatbots,https://havelsan.udemy.com/course/mastering-generative-ai/,Python for Data Science  and   Analysis ,1H2M,5
LLM_05,Mastering Generative AI: LLM Apps  LangChain  RAG  and   Chatbots,https://havelsan.udemy.com/course/mastering-generative-ai/,Python for Data Visualization ,51M,6
LLM_05,Mastering Generative AI: LLM Apps  LangChain  RAG  and   Chatbots,https://havelsan.udemy.com/course/mastering-generative-ai/,Introduction to NLP (Pre-Requisite) ,30M,7
LLM_05,Mastering Generative AI: LLM Apps  LangChain  RAG  and   Chatbots,https://havelsan.udemy.com/course/mastering-generative-ai/,NLP Basics (Pre-Requisite) ,2H26M,8-9-10
LLM_05,Mastering Generative AI: LLM Apps  LangChain  RAG  and   Chatbots,https://havelsan.udemy.com/course/mastering-generative-ai/,Word Embeddings (Pre-Requisite) ,1H55M,11-12
LLM_05,Mastering Generative AI: LLM Apps  LangChain  RAG  and   Chatbots,https://havelsan.udemy.com/course/mastering-generative-ai/,NLP Neural Networks (Pre-Requisites) ,4H3M,13-14-15-16
LLM_05,Mastering Generative AI: LLM Apps  LangChain  RAG  and   Chatbots,https://havelsan.udemy.com/course/mastering-generative-ai/,Deep Learning (Pre-Requisite) ,5H57M,17-18-19-20-21-22
LLM_05,Mastering Generative AI: LLM Apps  LangChain  RAG  and   Chatbots,https://havelsan.udemy.com/course/mastering-generative-ai/,Transformers (Pre-Requisite) ,1H42M,23-24
LLM_05,Mastering Generative AI: LLM Apps  LangChain  RAG  and   Chatbots,https://havelsan.udemy.com/course/mastering-generative-ai/,Encoder Only Architecture (Pre-Requisite) ,1H22M,25-26
LLM_05,Mastering Generative AI: LLM Apps  LangChain  RAG  and   Chatbots,https://havelsan.udemy.com/course/mastering-generative-ai/,Decoder Only Architecture ,39M,27
LLM_05,Mastering Generative AI: LLM Apps  LangChain  RAG  and   Chatbots,https://havelsan.udemy.com/course/mastering-generative-ai/,LLM Basics - Tokens  Context Window  Prompt  Prompt Tuning etc. ,1H2M,28
LLM_05,Mastering Generative AI: LLM Apps  LangChain  RAG  and   Chatbots,https://havelsan.udemy.com/course/mastering-generative-ai/,RAGs (Retrieval Augmented Generation) ,1H48M,29-30
LLM_05,Mastering Generative AI: LLM Apps  LangChain  RAG  and   Chatbots,https://havelsan.udemy.com/course/mastering-generative-ai/,LangChain ,10M,31
LLM_05,Mastering Generative AI: LLM Apps  LangChain  RAG  and   Chatbots,https://havelsan.udemy.com/course/mastering-generative-ai/,Prompt Engineering ,39M,31
LLM_05,Mastering Generative AI: LLM Apps  LangChain  RAG  and   Chatbots,https://havelsan.udemy.com/course/mastering-generative-ai/,Vector Databases vs Vector Index ,1H16M,32
LLM_05,Mastering Generative AI: LLM Apps  LangChain  RAG  and   Chatbots,https://havelsan.udemy.com/course/mastering-generative-ai/,Model Overview: Ollama ,1H46M,33-34
LLM_05,Mastering Generative AI: LLM Apps  LangChain  RAG  and   Chatbots,https://havelsan.udemy.com/course/mastering-generative-ai/,Model Overview: OpenAI and xAI ,43M,35
LLM_05,Mastering Generative AI: LLM Apps  LangChain  RAG  and   Chatbots,https://havelsan.udemy.com/course/mastering-generative-ai/,Fine Tuning ,1H47M,36-37
LLM_05,Mastering Generative AI: LLM Apps  LangChain  RAG  and   Chatbots,https://havelsan.udemy.com/course/mastering-generative-ai/,RAG Assessment and Evaluation Metrics ,3H45M,38-39-40-41
LLM_05,Mastering Generative AI: LLM Apps  LangChain  RAG  and   Chatbots,https://havelsan.udemy.com/course/mastering-generative-ai/,Deployment of Gen AI Applications ,1H49M,42-43
LLM_05,Mastering Generative AI: LLM Apps  LangChain  RAG  and   Chatbots,https://havelsan.udemy.com/course/mastering-generative-ai/,Gen AI Projects ,5H57M,44-45-46-47-48-49
,,,,,
LLM_06,Generative AI  and   LLMs: Foundations to Hands-on Development,https://havelsan.udemy.com/course/generative-ai-llms-foundations-to-hands-on-development/,Introduction to Large Language Models (LLMs) ,11M,1
LLM_06,Generative AI  and   LLMs: Foundations to Hands-on Development,https://havelsan.udemy.com/course/generative-ai-llms-foundations-to-hands-on-development/,Understanding Language AI ,6M,1
LLM_06,Generative AI  and   LLMs: Foundations to Hands-on Development,https://havelsan.udemy.com/course/generative-ai-llms-foundations-to-hands-on-development/,Major Advancements and Technologies ,7M,1
LLM_06,Generative AI  and   LLMs: Foundations to Hands-on Development,https://havelsan.udemy.com/course/generative-ai-llms-foundations-to-hands-on-development/,The Rise of Attention Mechanisms ,9M,1
LLM_06,Generative AI  and   LLMs: Foundations to Hands-on Development,https://havelsan.udemy.com/course/generative-ai-llms-foundations-to-hands-on-development/,Categories of LLMs Representation and Generative Models ,8M,1
LLM_06,Generative AI  and   LLMs: Foundations to Hands-on Development,https://havelsan.udemy.com/course/generative-ai-llms-foundations-to-hands-on-development/,Applications and Ethical Considerations ,4M,1
LLM_06,Generative AI  and   LLMs: Foundations to Hands-on Development,https://havelsan.udemy.com/course/generative-ai-llms-foundations-to-hands-on-development/,Conclusion and Future Directions ,9M,1
LLM_06,Generative AI  and   LLMs: Foundations to Hands-on Development,https://havelsan.udemy.com/course/generative-ai-llms-foundations-to-hands-on-development/,Hands-On Project 1 - Develop a Generative AI chatbot in Python ,9M,1
LLM_06,Generative AI  and   LLMs: Foundations to Hands-on Development,https://havelsan.udemy.com/course/generative-ai-llms-foundations-to-hands-on-development/,Introduction to Mastering Prompt Engineering for Generative AI ,2M,1
LLM_06,Generative AI  and   LLMs: Foundations to Hands-on Development,https://havelsan.udemy.com/course/generative-ai-llms-foundations-to-hands-on-development/,The Role of Prompts in AI Models ,2M,1
LLM_06,Generative AI  and   LLMs: Foundations to Hands-on Development,https://havelsan.udemy.com/course/generative-ai-llms-foundations-to-hands-on-development/,Types of Prompts Direct  Indirect  and Contextual ,8M,1
LLM_06,Generative AI  and   LLMs: Foundations to Hands-on Development,https://havelsan.udemy.com/course/generative-ai-llms-foundations-to-hands-on-development/,Technical Foundations of Prompt Engineering ,4M,1
LLM_06,Generative AI  and   LLMs: Foundations to Hands-on Development,https://havelsan.udemy.com/course/generative-ai-llms-foundations-to-hands-on-development/,Best Practices and Common Pitfalls in Prompt Engineering ,4M,1
LLM_06,Generative AI  and   LLMs: Foundations to Hands-on Development,https://havelsan.udemy.com/course/generative-ai-llms-foundations-to-hands-on-development/,Advanced Techniques in Prompt Engineering and Future Trends ,5M,1
LLM_06,Generative AI  and   LLMs: Foundations to Hands-on Development,https://havelsan.udemy.com/course/generative-ai-llms-foundations-to-hands-on-development/,Hands-On Project 2 - Create a Gen AI Text Summarizer in Python ,10M,2
LLM_06,Generative AI  and   LLMs: Foundations to Hands-on Development,https://havelsan.udemy.com/course/generative-ai-llms-foundations-to-hands-on-development/,Introduction to Fine-tuning Large Language Models ,3M,2
LLM_06,Generative AI  and   LLMs: Foundations to Hands-on Development,https://havelsan.udemy.com/course/generative-ai-llms-foundations-to-hands-on-development/,Understanding Language Models ,3M,2
LLM_06,Generative AI  and   LLMs: Foundations to Hands-on Development,https://havelsan.udemy.com/course/generative-ai-llms-foundations-to-hands-on-development/,The Need for Fine-tuning ,2M,2
LLM_06,Generative AI  and   LLMs: Foundations to Hands-on Development,https://havelsan.udemy.com/course/generative-ai-llms-foundations-to-hands-on-development/,Data Selection for Fine-tuning ,2M,2
LLM_06,Generative AI  and   LLMs: Foundations to Hands-on Development,https://havelsan.udemy.com/course/generative-ai-llms-foundations-to-hands-on-development/,Fine-tuning Techniques and Approaches ,3M,2
LLM_06,Generative AI  and   LLMs: Foundations to Hands-on Development,https://havelsan.udemy.com/course/generative-ai-llms-foundations-to-hands-on-development/,Challenges in Fine-tuning ,4M,2
LLM_06,Generative AI  and   LLMs: Foundations to Hands-on Development,https://havelsan.udemy.com/course/generative-ai-llms-foundations-to-hands-on-development/,Toolkits and Frameworks for Fine-tuning ,3M,2
LLM_06,Generative AI  and   LLMs: Foundations to Hands-on Development,https://havelsan.udemy.com/course/generative-ai-llms-foundations-to-hands-on-development/,Future Trends in Fine-tuning Large Language Models ,2M,2
LLM_06,Generative AI  and   LLMs: Foundations to Hands-on Development,https://havelsan.udemy.com/course/generative-ai-llms-foundations-to-hands-on-development/,Best Practices for Fine-tuning ,3M,2
LLM_06,Generative AI  and   LLMs: Foundations to Hands-on Development,https://havelsan.udemy.com/course/generative-ai-llms-foundations-to-hands-on-development/,Hands-On Project 3 - Fine-tuning a Generative AI application in Python ,2M,2
,,,,,
LLM_07,Mastering LLMs with Ollama  LangChain  CrewAI  Hugging Face,https://havelsan.udemy.com/course/mastering-local-llms-with-ollama-and-python-doing-projects/,Introduction ,4M,1
LLM_07,Mastering LLMs with Ollama  LangChain  CrewAI  Hugging Face,https://havelsan.udemy.com/course/mastering-local-llms-with-ollama-and-python-doing-projects/,Ollama ,2H15M,2-3
LLM_07,Mastering LLMs with Ollama  LangChain  CrewAI  Hugging Face,https://havelsan.udemy.com/course/mastering-local-llms-with-ollama-and-python-doing-projects/,Langchain ,1H50M,4-5
LLM_07,Mastering LLMs with Ollama  LangChain  CrewAI  Hugging Face,https://havelsan.udemy.com/course/mastering-local-llms-with-ollama-and-python-doing-projects/,CrewAI ,41M,6
